"Reporting starts","Reporting ends","Ad name",Region,"Ad delivery",Results,"Result indicator","Cost per results","Ad set budget","Ad set budget type","Amount spent (IDR)",Impressions,Reach,Ends,"Attribution setting",Bid,"Bid type","Last significant edit","Quality ranking","Engagement rate ranking","Conversion rate ranking","Ad set name",Reaction/Reach,"Post engagements","Link clicks","CTR (link click-through rate)",Frequency,"Instagram follows","Page engagement","Results (initial)","Results (initial) indicator"
2026-07-01,2026-07-31,"Momen Proper",Unknown,not_delivering,22,reach,1409.09090909,30000,Daily,31,22,22,Ongoing,"7-day click or 1-day view",0,ABSOLUTE_OCPM,0,-,-,-,"Micro Targeting A+",0,,,,1,0,,,
2026-07-01,2026-07-31,"Momen Proper",Aceh,not_delivering,1593,reach,1440.6779661,30000,Daily,2295,1618,1593,Ongoing,"7-day click or 1-day view",0,ABSOLUTE_OCPM,0,-,-,-,"Micro Targeting A+",0,,,,1.015694,0,,,
2026-07-01,2026-07-31,"Momen Proper",Bali,not_delivering,1054,reach,1432.63757116,30000,Daily,1510,1085,1054,Ongoing,"7-day click or 1-day view",0,ABSOLUTE_OCPM,0,-,-,-,"Micro Targeting A+",0,,,,1.029412,0,,,
2026-07-01,2026-07-31,"Momen Proper",Bengkulu,not_delivering,1593,reach,1493.4086629,30000,Daily,2379,1685,1593,Ongoing,"7-day click or 1-day view",0,ABSOLUTE_OCPM,0,-,-,-,"Micro Targeting A+",0.00062775,1,,,1.057753,0,1,,
2026-07-01,2026-07-31,"Momen Proper",Jakarta,not_delivering,1112,reach,1427.15827338,30000,Daily,1587,1145,1112,Ongoing,"7-day click or 1-day view",0,ABSOLUTE_OCPM,0,-,-,-,"Micro Targeting A+",0,,,,1.029676,0,,,
2026-07-01,2026-07-31,"Momen Proper",Jambi,not_delivering,1975,reach,1449.62025316,30000,Daily,2863,1992,1975,Ongoing,"7-day click or 1-day view",0,ABSOLUTE_OCPM,0,-,-,-,"Micro Targeting A+",0,,,,1.008608,0,,,
2026-07-01,2026-07-31,"Momen Proper","Central Java",not_delivering,9698,reach,1478.13982264,30000,Daily,14335,10010,9698,Ongoing,"7-day click or 1-day view",0,ABSOLUTE_OCPM,0,-,-,-,"Micro Targeting A+",0,1,,,1.032172,0,1,,
2026-07-01,2026-07-31,"Momen Proper","East Java",not_delivering,7634,reach,1444.85197799,30000,Daily,11030,7786,7634,Ongoing,"7-day click or 1-day view",0,ABSOLUTE_OCPM,0,-,-,-,"Micro Targeting A+",0.00026199,3,,,1.019911,0,3,,
2026-07-01,2026-07-31,"Momen Proper","Papua (province)",not_delivering,898,reach,1477.72828508,30000,Daily,1327,940,898,Ongoing,"7-day click or 1-day view",0,ABSOLUTE_OCPM,0,-,-,-,"Micro Targeting A+",0,,,,1.046771,0,,,
2026-07-01,2026-07-31,"Momen Proper","Special Region of Yogyakarta",not_delivering,1044,reach,1499.04214559,30000,Daily,1565,1083,1044,Ongoing,"7-day click or 1-day view",0,ABSOLUTE_OCPM,0,-,-,-,"Micro Targeting A+",0,,,,1.037356,0,,,
2026-07-01,2026-07-31,"Momen Proper","West Kalimantan",not_delivering,1975,reach,1472.40506329,30000,Daily,2908,2044,1975,Ongoing,"7-day click or 1-day view",0,ABSOLUTE_OCPM,0,-,-,-,"Micro Targeting A+",0.00050633,1,,,1.034937,0,1,,
2026-07-01,2026-07-31,"Momen Proper","South Kalimantan",not_delivering,1468,reach,1472.7520436,30000,Daily,2162,1525,1468,Ongoing,"7-day click or 1-day view",0,ABSOLUTE_OCPM,0,-,-,-,"Micro Targeting A+",0.0006812,1,,,1.038828,0,1,,
2026-07-01,2026-07-31,"Momen Proper","Central Kalimantan",not_delivering,1198,reach,1430.71786311,30000,Daily,1714,1235,1198,Ongoing,"7-day click or 1-day view",0,ABSOLUTE_OCPM,0,-,-,-,"Micro Targeting A+",0,,,,1.030885,0,,,
2026-07-01,2026-07-31,"Momen Proper","East Kalimantan",not_delivering,1896,reach,1464.66244726,30000,Daily,2777,1970,1896,Ongoing,"7-day click or 1-day view",0,ABSOLUTE_OCPM,0,-,-,-,"Micro Targeting A+",0.00052743,1,,,1.03903,0,1,,
2026-07-01,2026-07-31,"Momen Proper",Lampung,not_delivering,3249,reach,1418.28254848,30000,Daily,4608,3261,3249,Ongoing,"7-day click or 1-day view",0,ABSOLUTE_OCPM,0,-,-,-,"Micro Targeting A+",0,,,,1.003693,0,,,
2026-07-01,2026-07-31,"Momen Proper","West Nusa Tenggara",not_delivering,2047,reach,1516.3654128,30000,Daily,3104,2152,2047,Ongoing,"7-day click or 1-day view",0,ABSOLUTE_OCPM,0,-,-,-,"Micro Targeting A+",0,1,,,1.051295,0,1,,
2026-07-01,2026-07-31,"Momen Proper","East Nusa Tenggara",not_delivering,2378,reach,1452.48107653,30000,Daily,3454,2414,2378,Ongoing,"7-day click or 1-day view",0,ABSOLUTE_OCPM,0,-,-,-,"Micro Targeting A+",0.00084104,3,,,1.015139,0,3,,
2026-07-01,2026-07-31,"Momen Proper",Riau,not_delivering,2838,reach,1468.99224806,30000,Daily,4169,2964,2838,Ongoing,"7-day click or 1-day view",0,ABSOLUTE_OCPM,0,-,-,-,"Micro Targeting A+",0.00070472,2,,,1.044397,0,2,,
2026-07-01,2026-07-31,"Momen Proper","South Sulawesi",not_delivering,3171,reach,1433.30179754,30000,Daily,4545,3253,3171,Ongoing,"7-day click or 1-day view",0,ABSOLUTE_OCPM,0,-,-,-,"Micro Targeting A+",0,,,,1.025859,0,,,
2026-07-01,2026-07-31,"Momen Proper","Central Sulawesi",not_delivering,1784,reach,1460.76233184,30000,Daily,2606,1835,1784,Ongoing,"7-day click or 1-day view",0,ABSOLUTE_OCPM,0,-,-,-,"Micro Targeting A+",0,1,,,1.028587,0,1,,
2026-07-01,2026-07-31,"Momen Proper","Southeast Sulawesi",not_delivering,1221,reach,1468.46846847,30000,Daily,1793,1256,1221,Ongoing,"7-day click or 1-day view",0,ABSOLUTE_OCPM,0,-,-,-,"Micro Targeting A+",0,,,,1.028665,0,,,
2026-07-01,2026-07-31,"Momen Proper","West Sumatra",not_delivering,2910,reach,1459.10652921,30000,Daily,4246,3008,2910,Ongoing,"7-day click or 1-day view",0,ABSOLUTE_OCPM,0,-,-,-,"Micro Targeting A+",0,,,,1.033677,0,,,
2026-07-01,2026-07-31,"Momen Proper","North Sumatra",not_delivering,5265,reach,1486.41975309,30000,Daily,7826,5568,5265,Ongoing,"7-day click or 1-day view",0,ABSOLUTE_OCPM,0,-,-,-,"Micro Targeting A+",0.00018993,1,,,1.05755,0,1,,
2026-07-01,2026-07-31,"Momen Proper",Maluku,not_delivering,979,reach,1475.9959142,30000,Daily,1445,1031,979,Ongoing,"7-day click or 1-day view",0,ABSOLUTE_OCPM,0,-,-,-,"Micro Targeting A+",0.00102145,4,,,1.053115,0,4,,
2026-07-01,2026-07-31,"Momen Proper","West Java",not_delivering,11937,reach,1488.14610036,30000,Daily,17764,12429,11937,Ongoing,"7-day click or 1-day view",0,ABSOLUTE_OCPM,0,-,-,-,"Micro Targeting A+",0.00016755,3,,,1.041216,0,3,,
2026-07-01,2026-07-31,"Momen Proper","North Sulawesi",not_delivering,2125,reach,1474.82352941,30000,Daily,3134,2171,2125,Ongoing,"7-day click or 1-day view",0,ABSOLUTE_OCPM,0,-,-,-,"Micro Targeting A+",0.00047059,1,,,1.021647,0,1,,
2026-07-01,2026-07-31,"Momen Proper","South Sumatra",not_delivering,3791,reach,1474.80875758,30000,Daily,5591,3942,3791,Ongoing,"7-day click or 1-day view",0,ABSOLUTE_OCPM,0,-,-,-,"Micro Targeting A+",0,,,,1.039831,0,,,
2026-07-01,2026-07-31,"Momen Proper","North Maluku",not_delivering,798,reach,1461.15288221,30000,Daily,1166,824,798,Ongoing,"7-day click or 1-day view",0,ABSOLUTE_OCPM,0,-,-,-,"Micro Targeting A+",0,,,,1.032581,0,,,
2026-07-01,2026-07-31,"Momen Proper","North Kalimantan",not_delivering,380,reach,1407.89473684,30000,Daily,535,390,380,Ongoing,"7-day click or 1-day view",0,ABSOLUTE_OCPM,0,-,-,-,"Micro Targeting A+",0,,,,1.026316,0,,,
2026-07-01,2026-07-31,"Momen Proper","West Papua",not_delivering,525,reach,1426.66666667,30000,Daily,749,530,525,Ongoing,"7-day click or 1-day view",0,ABSOLUTE_OCPM,0,-,-,-,"Micro Targeting A+",0,,,,1.009524,0,,,
2026-07-01,2026-07-31,"Momen Proper","West Sulawesi",not_delivering,1076,reach,1434.94423792,30000,Daily,1544,1076,1076,Ongoing,"7-day click or 1-day view",0,ABSOLUTE_OCPM,0,-,-,-,"Micro Targeting A+",0,,,,1,0,,,
2026-07-01,2026-07-31,"Momen Proper",Gorontalo,not_delivering,910,reach,1463.73626374,30000,Daily,1332,936,910,Ongoing,"7-day click or 1-day view",0,ABSOLUTE_OCPM,0,-,-,-,"Micro Targeting A+",0.0010989,1,,,1.028571,0,1,,
2026-07-01,2026-07-31,"Momen Proper",Banten,not_delivering,1714,reach,1474.91248541,30000,Daily,2528,1786,1714,Ongoing,"7-day click or 1-day view",0,ABSOLUTE_OCPM,0,-,-,-,"Micro Targeting A+",0,,,,1.042007,0,,,
2026-07-01,2026-07-31,"Momen Proper","Bangka–Belitung Islands",not_delivering,872,reach,1430.04587156,30000,Daily,1247,898,872,Ongoing,"7-day click or 1-day view",0,ABSOLUTE_OCPM,0,-,-,-,"Micro Targeting A+",0,,,,1.029817,0,,,
2026-07-01,2026-07-31,"Momen Proper","Riau Islands Province",not_delivering,1034,reach,1407.15667311,30000,Daily,1455,1050,1034,Ongoing,"7-day click or 1-day view",0,ABSOLUTE_OCPM,0,-,-,-,"Micro Targeting A+",0.00193424,2,,,1.015474,0,2,,
2026-07-01,2026-07-31,"Momen Proper",Jakarta,not_delivering,1,actions:post_interaction_gross,66,30000,Daily,66,1,1,Ongoing,"7-day click or 1-day view",60,ABSOLUTE_OCPM,0,-,-,-,"Micro Targeting A+",1,1,,,1,0,1,,
2026-07-01,2026-07-31,"Momen Proper","Central Java",not_delivering,1,actions:post_interaction_gross,89,30000,Daily,89,2,2,Ongoing,"7-day click or 1-day view",60,ABSOLUTE_OCPM,0,-,-,-,"Micro Targeting A+",0.5,1,,,1,0,1,,
2026-07-01,2026-07-31,"Momen Proper","Central Sulawesi",not_delivering,1,actions:post_interaction_gross,33,30000,Daily,33,1,1,Ongoing,"7-day click or 1-day view",60,ABSOLUTE_OCPM,0,-,-,-,"Micro Targeting A+",1,1,,,1,0,1,,
2026-07-01,2026-07-31,"Momen Proper","West Java",not_delivering,,,,30000,Daily,1,1,1,Ongoing,"7-day click or 1-day view",60,ABSOLUTE_OCPM,0,-,-,-,"Micro Targeting A+",0,,,,1,0,,,
2026-07-01,2026-07-31,"Momen Proper","South Sumatra",not_delivering,1,actions:post_interaction_gross,34,30000,Daily,34,1,1,Ongoing,"7-day click or 1-day view",60,ABSOLUTE_OCPM,0,-,-,-,"Micro Targeting A+",1,1,,,1,0,1,,
2026-07-01,2026-07-31,"Tim Kopi atau Teh",Bengkulu,not_delivering,,,,30000,Daily,37,1,1,Ongoing,"7-day click or 1-day view",60,ABSOLUTE_OCPM,0,-,-,-,"Micro Targeting A+",0,,,,1,0,,,
2026-07-01,2026-07-31,"Tim Kopi atau Teh","Central Java",not_delivering,4,actions:post_interaction_gross,32.5,30000,Daily,130,4,4,Ongoing,"7-day click or 1-day view",60,ABSOLUTE_OCPM,0,-,-,-,"Micro Targeting A+",0.75,4,,,1,0,4,,
2026-07-01,2026-07-31,"Tim Kopi atau Teh","East Java",not_delivering,1,actions:post_interaction_gross,48,30000,Daily,48,1,1,Ongoing,"7-day click or 1-day view",60,ABSOLUTE_OCPM,0,-,-,-,"Micro Targeting A+",1,1,,,1,0,1,,
2026-07-01,2026-07-31,"Tim Kopi atau Teh","South Kalimantan",not_delivering,1,actions:post_interaction_gross,123,30000,Daily,123,3,3,Ongoing,"7-day click or 1-day view",60,ABSOLUTE_OCPM,0,-,-,-,"Micro Targeting A+",0.33333333,1,,,1,0,1,,
2026-07-01,2026-07-31,"Tim Kopi atau Teh","East Nusa Tenggara",not_delivering,,,,30000,Daily,48,1,1,Ongoing,"7-day click or 1-day view",60,ABSOLUTE_OCPM,0,-,-,-,"Micro Targeting A+",0,,,,1,0,,,
2026-07-01,2026-07-31,"Tim Kopi atau Teh","North Sumatra",not_delivering,1,actions:post_interaction_gross,51,30000,Daily,51,1,1,Ongoing,"7-day click or 1-day view",60,ABSOLUTE_OCPM,0,-,-,-,"Micro Targeting A+",1,1,,,1,0,1,,
2026-07-01,2026-07-31,"Tim Kopi atau Teh","West Java",not_delivering,1,actions:post_interaction_gross,122,30000,Daily,122,4,3,Ongoing,"7-day click or 1-day view",60,ABSOLUTE_OCPM,0,-,-,-,"Micro Targeting A+",0.33333333,1,,,1.333333,0,1,,
2026-07-01,2026-07-31,"Tim Kopi atau Teh","South Sumatra",not_delivering,,,,30000,Daily,23,1,1,Ongoing,"7-day click or 1-day view",60,ABSOLUTE_OCPM,0,-,-,-,"Micro Targeting A+",0,,,,1,0,,,
2026-07-01,2026-07-31,"Dapet Kerjaan di Luar Jobdesk",Unknown,inactive,,,,30000,Daily,11,3,3,Ongoing,"7-day click or 1-day view",60,ABSOLUTE_OCPM,0,-,-,-,"Micro Targeting A+",0,1,,,1,0,1,,
2026-07-01,2026-07-31,"Dapet Kerjaan di Luar Jobdesk",Aceh,inactive,1,actions:post_interaction_gross,3432,30000,Daily,3432,633,605,Ongoing,"7-day click or 1-day view",60,ABSOLUTE_OCPM,0,-,-,-,"Micro Targeting A+",0.00165289,330,,,1.046281,0,330,,
2026-07-01,2026-07-31,"Dapet Kerjaan di Luar Jobdesk",Bali,inactive,4,actions:post_interaction_gross,1515.25,30000,Daily,6061,958,910,Ongoing,"7-day click or 1-day view",60,ABSOLUTE_OCPM,0,-,-,-,"Micro Targeting A+",0.0043956,528,,,1.052747,0,528,,
2026-07-01,2026-07-31,"Dapet Kerjaan di Luar Jobdesk",Bengkulu,inactive,1,actions:post_interaction_gross,1633,30000,Daily,1633,301,301,Ongoing,"7-day click or 1-day view",60,ABSOLUTE_OCPM,0,-,-,-,"Micro Targeting A+",0.00332226,168,,,1,0,168,,
2026-07-01,2026-07-31,"Dapet Kerjaan di Luar Jobdesk",Jakarta,inactive,8,actions:post_interaction_gross,2314.75,30000,Daily,18518,3171,3049,Ongoing,"7-day click or 1-day view",60,ABSOLUTE_OCPM,0,-,-,-,"Micro Targeting A+",0.00229583,1749,,,1.040013,0,1749,,
2026-07-01,2026-07-31,"Dapet Kerjaan di Luar Jobdesk",Jambi,inactive,7,actions:post_interaction_gross,500.14285714,30000,Daily,3501,605,604,Ongoing,"7-day click or 1-day view",60,ABSOLUTE_OCPM,0,-,-,-,"Micro Targeting A+",0.0115894,351,,,1.001656,0,351,,
2026-07-01,2026-07-31,"Dapet Kerjaan di Luar Jobdesk","Central Java",inactive,20,actions:post_interaction_gross,1693.3,30000,Daily,33866,6136,5725,Ongoing,"7-day click or 1-day view",60,ABSOLUTE_OCPM,0,-,-,-,"Micro Targeting A+",0.00349345,3407,,,1.07179,0,3407,,
2026-07-01,2026-07-31,"Dapet Kerjaan di Luar Jobdesk","East Java",inactive,24,actions:post_interaction_gross,1302.70833333,30000,Daily,31265,5392,5208,Ongoing,"7-day click or 1-day view",60,ABSOLUTE_OCPM,0,-,-,-,"Micro Targeting A+",0.00460829,2937,,,1.03533,0,2937,,
2026-07-01,2026-07-31,"Dapet Kerjaan di Luar Jobdesk","Papua (province)",inactive,,,,30000,Daily,1457,258,245,Ongoing,"7-day click or 1-day view",60,ABSOLUTE_OCPM,0,-,-,-,"Micro Targeting A+",0,133,,,1.053061,0,133,,
2026-07-01,2026-07-31,"Dapet Kerjaan di Luar Jobdesk","Special Region of Yogyakarta",inactive,7,actions:post_interaction_gross,1089.42857143,30000,Daily,7626,1408,1330,Ongoing,"7-day click or 1-day view",60,ABSOLUTE_OCPM,0,-,-,-,"Micro Targeting A+",0.00451128,786,,,1.058647,0,786,,
2026-07-01,2026-07-31,"Dapet Kerjaan di Luar Jobdesk","West Kalimantan",inactive,3,actions:post_interaction_gross,1439.33333333,30000,Daily,4318,724,679,Ongoing,"7-day click or 1-day view",60,ABSOLUTE_OCPM,0,-,-,-,"Micro Targeting A+",0.00441826,420,,,1.066274,0,420,,
2026-07-01,2026-07-31,"Dapet Kerjaan di Luar Jobdesk","South Kalimantan",inactive,4,actions:post_interaction_gross,1186.5,30000,Daily,4746,851,841,Ongoing,"7-day click or 1-day view",60,ABSOLUTE_OCPM,0,-,-,-,"Micro Targeting A+",0.00475624,452,,,1.011891,0,452,,
2026-07-01,2026-07-31,"Dapet Kerjaan di Luar Jobdesk","Central Kalimantan",inactive,2,actions:post_interaction_gross,1367.5,30000,Daily,2735,457,434,Ongoing,"7-day click or 1-day view",60,ABSOLUTE_OCPM,0,-,-,-,"Micro Targeting A+",0.00460829,227,,,1.052995,0,227,,
2026-07-01,2026-07-31,"Dapet Kerjaan di Luar Jobdesk","East Kalimantan",inactive,5,actions:post_interaction_gross,1627,30000,Daily,8135,1375,1303,Ongoing,"7-day click or 1-day view",60,ABSOLUTE_OCPM,0,-,-,-,"Micro Targeting A+",0.00306984,738,,,1.055257,0,738,,
2026-07-01,2026-07-31,"Dapet Kerjaan di Luar Jobdesk",Lampung,inactive,2,actions:post_interaction_gross,2806.5,30000,Daily,5613,945,931,Ongoing,"7-day click or 1-day view",60,ABSOLUTE_OCPM,0,-,-,-,"Micro Targeting A+",0.00214823,520,,,1.015038,0,520,,
2026-07-01,2026-07-31,"Dapet Kerjaan di Luar Jobdesk","West Nusa Tenggara",inactive,1,actions:post_interaction_gross,3151,30000,Daily,3151,514,481,Ongoing,"7-day click or 1-day view",60,ABSOLUTE_OCPM,0,-,-,-,"Micro Targeting A+",0.002079,269,,,1.068607,0,269,,
2026-07-01,2026-07-31,"Dapet Kerjaan di Luar Jobdesk","East Nusa Tenggara",inactive,1,actions:post_interaction_gross,1576,30000,Daily,1576,255,248,Ongoing,"7-day click or 1-day view",60,ABSOLUTE_OCPM,0,-,-,-,"Micro Targeting A+",0.00403226,141,,,1.028226,0,141,,
2026-07-01,2026-07-31,"Dapet Kerjaan di Luar Jobdesk",Riau,inactive,7,actions:post_interaction_gross,998.85714286,30000,Daily,6992,1215,1141,Ongoing,"7-day click or 1-day view",60,ABSOLUTE_OCPM,0,-,-,-,"Micro Targeting A+",0.00613497,652,,,1.064855,0,652,,
2026-07-01,2026-07-31,"Dapet Kerjaan di Luar Jobdesk","South Sulawesi",inactive,4,actions:post_interaction_gross,1727.75,30000,Daily,6911,1084,1038,Ongoing,"7-day click or 1-day view",60,ABSOLUTE_OCPM,0,-,-,-,"Micro Targeting A+",0.00385356,572,,,1.044316,0,572,,
2026-07-01,2026-07-31,"Dapet Kerjaan di Luar Jobdesk","Central Sulawesi",inactive,5,actions:post_interaction_gross,520.6,30000,Daily,2603,422,411,Ongoing,"7-day click or 1-day view",60,ABSOLUTE_OCPM,0,-,-,-,"Micro Targeting A+",0.01216545,234,,,1.026764,0,234,,
2026-07-01,2026-07-31,"Dapet Kerjaan di Luar Jobdesk","Southeast Sulawesi",inactive,2,actions:post_interaction_gross,1053.5,30000,Daily,2107,329,322,Ongoing,"7-day click or 1-day view",60,ABSOLUTE_OCPM,0,-,-,-,"Micro Targeting A+",0.00310559,176,,,1.021739,0,176,,
2026-07-01,2026-07-31,"Dapet Kerjaan di Luar Jobdesk","West Sumatra",inactive,5,actions:post_interaction_gross,1336.6,30000,Daily,6683,1200,1173,Ongoing,"7-day click or 1-day view",60,ABSOLUTE_OCPM,0,-,-,-,"Micro Targeting A+",0.00341006,672,,,1.023018,0,672,,
2026-07-01,2026-07-31,"Dapet Kerjaan di Luar Jobdesk","North Sumatra",inactive,6,actions:post_interaction_gross,1781.16666667,30000,Daily,10687,1736,1655,Ongoing,"7-day click or 1-day view",60,ABSOLUTE_OCPM,0,-,-,-,"Micro Targeting A+",0.00362538,981,,,1.048943,0,981,,
2026-07-01,2026-07-31,"Dapet Kerjaan di Luar Jobdesk",Maluku,inactive,1,actions:post_interaction_gross,640,30000,Daily,640,108,104,Ongoing,"7-day click or 1-day view",60,ABSOLUTE_OCPM,0,-,-,-,"Micro Targeting A+",0.00961538,61,,,1.038462,0,61,,
2026-07-01,2026-07-31,"Dapet Kerjaan di Luar Jobdesk","West Java",inactive,24,actions:post_interaction_gross,2028.125,30000,Daily,48675,8364,8108,Ongoing,"7-day click or 1-day view",60,ABSOLUTE_OCPM,0,-,-,-,"Micro Targeting A+",0.0028367,4609,,,1.031574,0,4609,,
2026-07-01,2026-07-31,"Dapet Kerjaan di Luar Jobdesk","North Sulawesi",inactive,,,,30000,Daily,1683,249,239,Ongoing,"7-day click or 1-day view",60,ABSOLUTE_OCPM,0,-,-,-,"Micro Targeting A+",0,144,,,1.041841,0,144,,
2026-07-01,2026-07-31,"Dapet Kerjaan di Luar Jobdesk","South Sumatra",inactive,1,actions:post_interaction_gross,5708,30000,Daily,5708,995,979,Ongoing,"7-day click or 1-day view",60,ABSOLUTE_OCPM,0,-,-,-,"Micro Targeting A+",0.00102145,531,,,1.016343,0,531,,
2026-07-01,2026-07-31,"Dapet Kerjaan di Luar Jobdesk","North Maluku",inactive,1,actions:post_interaction_gross,719,30000,Daily,719,114,110,Ongoing,"7-day click or 1-day view",60,ABSOLUTE_OCPM,0,-,-,-,"Micro Targeting A+",0.00909091,65,,,1.036364,0,65,,
2026-07-01,2026-07-31,"Dapet Kerjaan di Luar Jobdesk","North Kalimantan",inactive,1,actions:post_interaction_gross,1136,30000,Daily,1136,193,185,Ongoing,"7-day click or 1-day view",60,ABSOLUTE_OCPM,0,-,-,-,"Micro Targeting A+",0.00540541,98,,,1.043243,0,98,,
2026-07-01,2026-07-31,"Dapet Kerjaan di Luar Jobdesk","West Papua",inactive,,,,30000,Daily,719,114,111,Ongoing,"7-day click or 1-day view",60,ABSOLUTE_OCPM,0,-,-,-,"Micro Targeting A+",0,61,,,1.027027,0,61,,
2026-07-01,2026-07-31,"Dapet Kerjaan di Luar Jobdesk","West Sulawesi",inactive,,,,30000,Daily,846,142,134,Ongoing,"7-day click or 1-day view",60,ABSOLUTE_OCPM,0,-,-,-,"Micro Targeting A+",0,76,,,1.059701,0,76,,
2026-07-01,2026-07-31,"Dapet Kerjaan di Luar Jobdesk",Gorontalo,inactive,1,actions:post_interaction_gross,851,30000,Daily,851,108,105,Ongoing,"7-day click or 1-day view",60,ABSOLUTE_OCPM,0,-,-,-,"Micro Targeting A+",0.00952381,68,,,1.028571,0,68,,
2026-07-01,2026-07-31,"Dapet Kerjaan di Luar Jobdesk",Banten,inactive,4,actions:post_interaction_gross,2923.25,30000,Daily,11693,2075,1996,Ongoing,"7-day click or 1-day view",60,ABSOLUTE_OCPM,0,-,-,-,"Micro Targeting A+",0.00200401,1114,,,1.039579,0,1114,,
2026-07-01,2026-07-31,"Dapet Kerjaan di Luar Jobdesk","Bangka–Belitung Islands",inactive,,,,30000,Daily,1250,198,194,Ongoing,"7-day click or 1-day view",60,ABSOLUTE_OCPM,0,-,-,-,"Micro Targeting A+",0,117,,,1.020619,0,117,,
2026-07-01,2026-07-31,"Dapet Kerjaan di Luar Jobdesk","Riau Islands Province",inactive,2,actions:post_interaction_gross,1745,30000,Daily,3490,618,584,Ongoing,"7-day click or 1-day view",60,ABSOLUTE_OCPM,0,-,-,-,"Micro Targeting A+",0.00342466,325,,,1.058219,0,325,,
2026-07-01,2026-07-31,"Punya Peran Masing-masing",Aceh,not_delivering,105,reach,1371.42857143,30000,Daily,144,106,105,Ongoing,"7-day click or 1-day view",0,ABSOLUTE_OCPM,0,-,-,-,"Micro Targeting A+",0,,,,1.009524,0,,,
2026-07-01,2026-07-31,"Punya Peran Masing-masing",Bali,not_delivering,37,reach,1270.27027027,30000,Daily,47,37,37,Ongoing,"7-day click or 1-day view",0,ABSOLUTE_OCPM,0,-,-,-,"Micro Targeting A+",0,,,,1,0,,,
2026-07-01,2026-07-31,"Punya Peran Masing-masing",Bengkulu,not_delivering,35,reach,1542.85714286,30000,Daily,54,35,35,Ongoing,"7-day click or 1-day view",0,ABSOLUTE_OCPM,0,-,-,-,"Micro Targeting A+",0,,,,1,0,,,
2026-07-01,2026-07-31,"Punya Peran Masing-masing",Jakarta,not_delivering,115,reach,1304.34782609,30000,Daily,150,115,115,Ongoing,"7-day click or 1-day view",0,ABSOLUTE_OCPM,0,-,-,-,"Micro Targeting A+",0,,,,1,0,,,
2026-07-01,2026-07-31,"Punya Peran Masing-masing",Jambi,not_delivering,74,reach,1405.40540541,30000,Daily,104,75,74,Ongoing,"7-day click or 1-day view",0,ABSOLUTE_OCPM,0,-,-,-,"Micro Targeting A+",0,,,,1.013514,0,,,
2026-07-01,2026-07-31,"Punya Peran Masing-masing","Central Java",not_delivering,395,reach,1397.46835443,30000,Daily,552,399,395,Ongoing,"7-day click or 1-day view",0,ABSOLUTE_OCPM,0,-,-,-,"Micro Targeting A+",0,,,,1.010127,0,,,
2026-07-01,2026-07-31,"Punya Peran Masing-masing","East Java",not_delivering,295,reach,1386.44067797,30000,Daily,409,295,295,Ongoing,"7-day click or 1-day view",0,ABSOLUTE_OCPM,0,-,-,-,"Micro Targeting A+",0,,,,1,0,,,
2026-07-01,2026-07-31,"Punya Peran Masing-masing","Papua (province)",not_delivering,84,reach,1392.85714286,30000,Daily,117,85,84,Ongoing,"7-day click or 1-day view",0,ABSOLUTE_OCPM,0,-,-,-,"Micro Targeting A+",0,,,,1.011905,0,,,
2026-07-01,2026-07-31,"Punya Peran Masing-masing","Special Region of Yogyakarta",not_delivering,75,reach,1413.33333333,30000,Daily,106,75,75,Ongoing,"7-day click or 1-day view",0,ABSOLUTE_OCPM,0,-,-,-,"Micro Targeting A+",0,,,,1,0,,,
2026-07-01,2026-07-31,"Punya Peran Masing-masing","West Kalimantan",not_delivering,93,reach,1419.35483871,30000,Daily,132,94,93,Ongoing,"7-day click or 1-day view",0,ABSOLUTE_OCPM,0,-,-,-,"Micro Targeting A+",0,,,,1.010753,0,,,
2026-07-01,2026-07-31,"Punya Peran Masing-masing","South Kalimantan",not_delivering,49,reach,1469.3877551,30000,Daily,72,51,49,Ongoing,"7-day click or 1-day view",0,ABSOLUTE_OCPM,0,-,-,-,"Micro Targeting A+",0,,,,1.040816,0,,,
2026-07-01,2026-07-31,"Punya Peran Masing-masing","Central Kalimantan",not_delivering,39,reach,1384.61538462,30000,Daily,54,39,39,Ongoing,"7-day click or 1-day view",0,ABSOLUTE_OCPM,0,-,-,-,"Micro Targeting A+",0,,,,1,0,,,
2026-07-01,2026-07-31,"Punya Peran Masing-masing","East Kalimantan",not_delivering,77,reach,1337.66233766,30000,Daily,103,77,77,Ongoing,"7-day click or 1-day view",0,ABSOLUTE_OCPM,0,-,-,-,"Micro Targeting A+",0,,,,1,0,,,
2026-07-01,2026-07-31,"Punya Peran Masing-masing",Lampung,not_delivering,97,reach,1371.13402062,30000,Daily,133,99,97,Ongoing,"7-day click or 1-day view",0,ABSOLUTE_OCPM,0,-,-,-,"Micro Targeting A+",0,,,,1.020619,0,,,
2026-07-01,2026-07-31,"Punya Peran Masing-masing","West Nusa Tenggara",not_delivering,70,reach,1400,30000,Daily,98,72,70,Ongoing,"7-day click or 1-day view",0,ABSOLUTE_OCPM,0,-,-,-,"Micro Targeting A+",0.01428571,1,,,1.028571,0,1,,
2026-07-01,2026-07-31,"Punya Peran Masing-masing","East Nusa Tenggara",not_delivering,118,reach,1330.50847458,30000,Daily,157,121,118,Ongoing,"7-day click or 1-day view",0,ABSOLUTE_OCPM,0,-,-,-,"Micro Targeting A+",0,,,,1.025424,0,,,
2026-07-01,2026-07-31,"Punya Peran Masing-masing",Riau,not_delivering,132,reach,1340.90909091,30000,Daily,177,135,132,Ongoing,"7-day click or 1-day view",0,ABSOLUTE_OCPM,0,-,-,-,"Micro Targeting A+",0,,,,1.022727,0,,,
2026-07-01,2026-07-31,"Punya Peran Masing-masing","South Sulawesi",not_delivering,136,reach,1338.23529412,30000,Daily,182,137,136,Ongoing,"7-day click or 1-day view",0,ABSOLUTE_OCPM,0,-,-,-,"Micro Targeting A+",0,,,,1.007353,0,,,
2026-07-01,2026-07-31,"Punya Peran Masing-masing","Central Sulawesi",not_delivering,94,reach,1308.5106383,30000,Daily,123,96,94,Ongoing,"7-day click or 1-day view",0,ABSOLUTE_OCPM,0,-,-,-,"Micro Targeting A+",0,1,,,1.021277,0,1,,
2026-07-01,2026-07-31,"Punya Peran Masing-masing","Southeast Sulawesi",not_delivering,45,reach,1466.66666667,30000,Daily,66,46,45,Ongoing,"7-day click or 1-day view",0,ABSOLUTE_OCPM,0,-,-,-,"Micro Targeting A+",0,,,,1.022222,0,,,
2026-07-01,2026-07-31,"Punya Peran Masing-masing","West Sumatra",not_delivering,119,reach,1453.78151261,30000,Daily,173,119,119,Ongoing,"7-day click or 1-day view",0,ABSOLUTE_OCPM,0,-,-,-,"Micro Targeting A+",0,,,,1,0,,,
2026-07-01,2026-07-31,"Punya Peran Masing-masing","North Sumatra",not_delivering,263,reach,1387.83269962,30000,Daily,365,264,263,Ongoing,"7-day click or 1-day view",0,ABSOLUTE_OCPM,0,-,-,-,"Micro Targeting A+",0,,,,1.003802,0,,,
2026-07-01,2026-07-31,"Punya Peran Masing-masing",Maluku,not_delivering,98,reach,1367.34693878,30000,Daily,134,99,98,Ongoing,"7-day click or 1-day view",0,ABSOLUTE_OCPM,0,-,-,-,"Micro Targeting A+",0,,,,1.010204,0,,,
2026-07-01,2026-07-31,"Punya Peran Masing-masing","West Java",not_delivering,620,reach,1388.70967742,30000,Daily,861,633,620,Ongoing,"7-day click or 1-day view",0,ABSOLUTE_OCPM,0,-,-,-,"Micro Targeting A+",0,,,,1.020968,0,,,
2026-07-01,2026-07-31,"Punya Peran Masing-masing","North Sulawesi",not_delivering,201,reach,1343.28358209,30000,Daily,270,205,201,Ongoing,"7-day click or 1-day view",0,ABSOLUTE_OCPM,0,-,-,-,"Micro Targeting A+",0,,,,1.019901,0,,,
2026-07-01,2026-07-31,"Punya Peran Masing-masing","South Sumatra",not_delivering,117,reach,1418.8034188,30000,Daily,166,118,117,Ongoing,"7-day click or 1-day view",0,ABSOLUTE_OCPM,0,-,-,-,"Micro Targeting A+",0,,,,1.008547,0,,,
2026-07-01,2026-07-31,"Punya Peran Masing-masing","North Maluku",not_delivering,112,reach,1357.14285714,30000,Daily,152,113,112,Ongoing,"7-day click or 1-day view",0,ABSOLUTE_OCPM,0,-,-,-,"Micro Targeting A+",0,,,,1.008929,0,,,
2026-07-01,2026-07-31,"Punya Peran Masing-masing","North Kalimantan",not_delivering,18,reach,1555.55555556,30000,Daily,28,18,18,Ongoing,"7-day click or 1-day view",0,ABSOLUTE_OCPM,0,-,-,-,"Micro Targeting A+",0,,,,1,0,,,
2026-07-01,2026-07-31,"Punya Peran Masing-masing","West Papua",not_delivering,51,reach,1333.33333333,30000,Daily,68,52,51,Ongoing,"7-day click or 1-day view",0,ABSOLUTE_OCPM,0,-,-,-,"Micro Targeting A+",0,,,,1.019608,0,,,
2026-07-01,2026-07-31,"Punya Peran Masing-masing","West Sulawesi",not_delivering,48,reach,1458.33333333,30000,Daily,70,48,48,Ongoing,"7-day click or 1-day view",0,ABSOLUTE_OCPM,0,-,-,-,"Micro Targeting A+",0,,,,1,0,,,
2026-07-01,2026-07-31,"Punya Peran Masing-masing",Gorontalo,not_delivering,63,reach,1206.34920635,30000,Daily,76,63,63,Ongoing,"7-day click or 1-day view",0,ABSOLUTE_OCPM,0,-,-,-,"Micro Targeting A+",0,,,,1,0,,,
2026-07-01,2026-07-31,"Punya Peran Masing-masing",Banten,not_delivering,129,reach,1333.33333333,30000,Daily,172,130,129,Ongoing,"7-day click or 1-day view",0,ABSOLUTE_OCPM,0,-,-,-,"Micro Targeting A+",0,,,,1.007752,0,,,
2026-07-01,2026-07-31,"Punya Peran Masing-masing","Bangka–Belitung Islands",not_delivering,22,reach,1409.09090909,30000,Daily,31,23,22,Ongoing,"7-day click or 1-day view",0,ABSOLUTE_OCPM,0,-,-,-,"Micro Targeting A+",0,,,,1.045455,0,,,
2026-07-01,2026-07-31,"Punya Peran Masing-masing","Riau Islands Province",not_delivering,61,reach,1311.47540984,30000,Daily,80,62,61,Ongoing,"7-day click or 1-day view",0,ABSOLUTE_OCPM,0,-,-,-,"Micro Targeting A+",0,,,,1.016393,0,,,
2026-07-01,2026-07-31,"Punya Peran Masing-masing",Unknown,inactive,103,reach,1456.31067961,50000,Daily,150,119,103,Ongoing,"7-day click or 1-day view",0,ABSOLUTE_OCPM,2026-07-24T11:29:11+0700,-,-,-,"Micro Targeting A+",0,,,,1.15534,0,,,
2026-07-01,2026-07-31,"Punya Peran Masing-masing",Aceh,inactive,4092,reach,1902.98142717,50000,Daily,7787,5778,4092,Ongoing,"7-day click or 1-day view",0,ABSOLUTE_OCPM,2026-07-24T11:29:11+0700,-,-,-,"Micro Targeting A+",0.00073314,4,,,1.412023,0,4,,
2026-07-01,2026-07-31,"Punya Peran Masing-masing",Bali,inactive,2328,reach,1817.43986254,50000,Daily,4231,3185,2328,Ongoing,"7-day click or 1-day view",0,ABSOLUTE_OCPM,2026-07-24T11:29:11+0700,-,-,-,"Micro Targeting A+",0.00128866,3,,,1.368127,0,3,,
2026-07-01,2026-07-31,"Punya Peran Masing-masing",Bengkulu,inactive,3214,reach,1801.80460485,50000,Daily,5791,4321,3214,Ongoing,"7-day click or 1-day view",0,ABSOLUTE_OCPM,2026-07-24T11:29:11+0700,-,-,-,"Micro Targeting A+",0,1,,,1.344431,0,1,,
2026-07-01,2026-07-31,"Punya Peran Masing-masing",Jakarta,inactive,3698,reach,1710.11357491,50000,Daily,6324,4735,3698,Ongoing,"7-day click or 1-day view",0,ABSOLUTE_OCPM,2026-07-24T11:29:11+0700,-,-,-,"Micro Targeting A+",0.00027042,1,,,1.280422,0,1,,
2026-07-01,2026-07-31,"Punya Peran Masing-masing",Jambi,inactive,3922,reach,1836.56297807,50000,Daily,7203,5393,3922,Ongoing,"7-day click or 1-day view",0,ABSOLUTE_OCPM,2026-07-24T11:29:11+0700,-,-,-,"Micro Targeting A+",0.00050994,2,,,1.375064,0,2,,
2026-07-01,2026-07-31,"Punya Peran Masing-masing","Central Java",inactive,22154,reach,1867.2023111,50000,Daily,41366,30290,22154,Ongoing,"7-day click or 1-day view",0,ABSOLUTE_OCPM,2026-07-24T11:29:11+0700,-,-,-,"Micro Targeting A+",0.00022569,9,,,1.367247,0,9,,
2026-07-01,2026-07-31,"Punya Peran Masing-masing","East Java",inactive,17642,reach,1862.94070967,50000,Daily,32866,23293,17642,Ongoing,"7-day click or 1-day view",0,ABSOLUTE_OCPM,2026-07-24T11:29:11+0700,-,-,-,"Micro Targeting A+",0.0003401,12,,,1.320315,0,12,,
2026-07-01,2026-07-31,"Punya Peran Masing-masing","Papua (province)",inactive,2463,reach,1771.01096224,50000,Daily,4362,3285,2463,Ongoing,"7-day click or 1-day view",0,ABSOLUTE_OCPM,2026-07-24T11:29:11+0700,-,-,-,"Micro Targeting A+",0,,,,1.333739,0,,,
2026-07-01,2026-07-31,"Punya Peran Masing-masing","Special Region of Yogyakarta",inactive,2788,reach,1750.71736011,50000,Daily,4881,3599,2788,Ongoing,"7-day click or 1-day view",0,ABSOLUTE_OCPM,2026-07-24T11:29:11+0700,-,-,-,"Micro Targeting A+",0.00071736,2,,,1.29089,0,2,,
2026-07-01,2026-07-31,"Punya Peran Masing-masing","West Kalimantan",inactive,4858,reach,1758.13091807,50000,Daily,8541,6362,4858,Ongoing,"7-day click or 1-day view",0,ABSOLUTE_OCPM,2026-07-24T11:29:11+0700,-,-,-,"Micro Targeting A+",0.00020585,2,,,1.309592,0,2,,
2026-07-01,2026-07-31,"Punya Peran Masing-masing","South Kalimantan",inactive,3755,reach,1751.53129161,50000,Daily,6577,4885,3755,Ongoing,"7-day click or 1-day view",0,ABSOLUTE_OCPM,2026-07-24T11:29:11+0700,-,-,-,"Micro Targeting A+",0.00133156,5,,,1.300932,0,5,,
2026-07-01,2026-07-31,"Punya Peran Masing-masing","Central Kalimantan",inactive,2917,reach,1827.21974631,50000,Daily,5330,3978,2917,Ongoing,"7-day click or 1-day view",0,ABSOLUTE_OCPM,2026-07-24T11:29:11+0700,-,-,-,"Micro Targeting A+",0,1,,,1.36373,0,1,,
2026-07-01,2026-07-31,"Punya Peran Masing-masing","East Kalimantan",inactive,5156,reach,1846.39255237,50000,Daily,9520,7126,5156,Ongoing,"7-day click or 1-day view",0,ABSOLUTE_OCPM,2026-07-24T11:29:11+0700,-,-,-,"Micro Targeting A+",0.00135764,11,2,0.028066,1.382079,0,11,,
2026-07-01,2026-07-31,"Punya Peran Masing-masing",Lampung,inactive,6142,reach,1886.03060892,50000,Daily,11584,8618,6142,Ongoing,"7-day click or 1-day view",0,ABSOLUTE_OCPM,2026-07-24T11:29:11+0700,-,-,-,"Micro Targeting A+",0.00065125,5,,,1.403126,0,5,,
2026-07-01,2026-07-31,"Punya Peran Masing-masing","West Nusa Tenggara",inactive,4093,reach,1902.272172,50000,Daily,7786,5790,4093,Ongoing,"7-day click or 1-day view",0,ABSOLUTE_OCPM,2026-07-24T11:29:11+0700,-,-,-,"Micro Targeting A+",0.00024432,4,,,1.41461,0,4,,
2026-07-01,2026-07-31,"Punya Peran Masing-masing","East Nusa Tenggara",inactive,4085,reach,1829.62056304,50000,Daily,7474,5583,4085,Ongoing,"7-day click or 1-day view",0,ABSOLUTE_OCPM,2026-07-24T11:29:11+0700,-,-,-,"Micro Targeting A+",0.0002448,2,,,1.366707,0,2,,
2026-07-01,2026-07-31,"Punya Peran Masing-masing",Riau,inactive,7072,reach,1826.92307692,50000,Daily,12920,9696,7072,Ongoing,"7-day click or 1-day view",0,ABSOLUTE_OCPM,2026-07-24T11:29:11+0700,-,-,-,"Micro Targeting A+",0.00042421,7,1,0.010314,1.371041,0,7,,
2026-07-01,2026-07-31,"Punya Peran Masing-masing","South Sulawesi",inactive,6794,reach,1929.79099205,50000,Daily,13111,9778,6794,Ongoing,"7-day click or 1-day view",0,ABSOLUTE_OCPM,2026-07-24T11:29:11+0700,-,-,-,"Micro Targeting A+",0.00073594,5,,,1.439211,0,5,,
2026-07-01,2026-07-31,"Punya Peran Masing-masing","Central Sulawesi",inactive,3679,reach,1786.35498777,50000,Daily,6572,4951,3679,Ongoing,"7-day click or 1-day view",0,ABSOLUTE_OCPM,2026-07-24T11:29:11+0700,-,-,-,"Micro Targeting A+",0.00027181,4,,,1.345746,0,4,,
2026-07-01,2026-07-31,"Punya Peran Masing-masing","Southeast Sulawesi",inactive,2540,reach,1833.46456693,50000,Daily,4657,3490,2540,Ongoing,"7-day click or 1-day view",0,ABSOLUTE_OCPM,2026-07-24T11:29:11+0700,-,-,-,"Micro Targeting A+",0.0007874,2,,,1.374016,0,2,,
2026-07-01,2026-07-31,"Punya Peran Masing-masing","West Sumatra",inactive,6650,reach,1845.86466165,50000,Daily,12275,9127,6650,Ongoing,"7-day click or 1-day view",0,ABSOLUTE_OCPM,2026-07-24T11:29:11+0700,-,-,-,"Micro Targeting A+",0.00045113,4,1,0.010957,1.372481,0,4,,
2026-07-01,2026-07-31,"Punya Peran Masing-masing","North Sumatra",inactive,11963,reach,1811.92008693,50000,Daily,21676,16193,11963,Ongoing,"7-day click or 1-day view",0,ABSOLUTE_OCPM,2026-07-24T11:29:11+0700,-,-,-,"Micro Targeting A+",0.00033436,11,,,1.35359,0,11,,
2026-07-01,2026-07-31,"Punya Peran Masing-masing",Maluku,inactive,1813,reach,1842.25041368,50000,Daily,3340,2480,1813,Ongoing,"7-day click or 1-day view",0,ABSOLUTE_OCPM,2026-07-24T11:29:11+0700,-,-,-,"Micro Targeting A+",0,,,,1.367899,0,,,
2026-07-01,2026-07-31,"Punya Peran Masing-masing","West Java",inactive,28348,reach,1789.75589107,50000,Daily,50736,37886,28348,Ongoing,"7-day click or 1-day view",0,ABSOLUTE_OCPM,2026-07-24T11:29:11+0700,-,-,-,"Micro Targeting A+",0.00031748,16,1,0.00264,1.336461,0,16,,
2026-07-01,2026-07-31,"Punya Peran Masing-masing","North Sulawesi",inactive,4355,reach,1797.47416762,50000,Daily,7828,5851,4355,Ongoing,"7-day click or 1-day view",0,ABSOLUTE_OCPM,2026-07-24T11:29:11+0700,-,-,-,"Micro Targeting A+",0.00045924,3,,,1.343513,0,3,,
2026-07-01,2026-07-31,"Punya Peran Masing-masing","South Sumatra",inactive,7623,reach,1851.10848747,50000,Daily,14111,10568,7623,Ongoing,"7-day click or 1-day view",0,ABSOLUTE_OCPM,2026-07-24T11:29:11+0700,-,-,-,"Micro Targeting A+",0.00039355,4,,,1.386331,0,4,,
2026-07-01,2026-07-31,"Punya Peran Masing-masing","North Maluku",inactive,1744,reach,1799.8853211,50000,Daily,3139,2360,1744,Ongoing,"7-day click or 1-day view",0,ABSOLUTE_OCPM,2026-07-24T11:29:11+0700,-,-,-,"Micro Targeting A+",0.00057339,1,,,1.353211,0,1,,
2026-07-01,2026-07-31,"Punya Peran Masing-masing","North Kalimantan",inactive,858,reach,1865.96736597,50000,Daily,1601,1219,858,Ongoing,"7-day click or 1-day view",0,ABSOLUTE_OCPM,2026-07-24T11:29:11+0700,-,-,-,"Micro Targeting A+",0,1,,,1.420746,0,1,,
2026-07-01,2026-07-31,"Punya Peran Masing-masing","West Papua",inactive,1351,reach,1848.26054774,50000,Daily,2497,1874,1351,Ongoing,"7-day click or 1-day view",0,ABSOLUTE_OCPM,2026-07-24T11:29:11+0700,-,-,-,"Micro Targeting A+",0.00148038,3,,,1.387121,0,3,,
2026-07-01,2026-07-31,"Punya Peran Masing-masing","West Sulawesi",inactive,2057,reach,1781.72095284,50000,Daily,3665,2720,2057,Ongoing,"7-day click or 1-day view",0,ABSOLUTE_OCPM,2026-07-24T11:29:11+0700,-,-,-,"Micro Targeting A+",0,1,,,1.322314,0,1,,
2026-07-01,2026-07-31,"Punya Peran Masing-masing",Gorontalo,inactive,1688,reach,1802.13270142,50000,Daily,3042,2271,1688,Ongoing,"7-day click or 1-day view",0,ABSOLUTE_OCPM,2026-07-24T11:29:11+0700,-,-,-,"Micro Targeting A+",0,2,,,1.345379,0,2,,
2026-07-01,2026-07-31,"Punya Peran Masing-masing",Banten,inactive,4613,reach,1805.54953393,50000,Daily,8329,6196,4613,Ongoing,"7-day click or 1-day view",0,ABSOLUTE_OCPM,2026-07-24T11:29:11+0700,-,-,-,"Micro Targeting A+",0,,,,1.343161,0,,,
2026-07-01,2026-07-31,"Punya Peran Masing-masing","Bangka–Belitung Islands",inactive,1580,reach,1872.15189873,50000,Daily,2958,2184,1580,Ongoing,"7-day click or 1-day view",0,ABSOLUTE_OCPM,2026-07-24T11:29:11+0700,-,-,-,"Micro Targeting A+",0,,,,1.382278,0,,,
2026-07-01,2026-07-31,"Punya Peran Masing-masing","Riau Islands Province",inactive,2610,reach,1834.09961686,50000,Daily,4787,3572,2610,Ongoing,"7-day click or 1-day view",0,ABSOLUTE_OCPM,2026-07-24T11:29:11+0700,-,-,-,"Micro Targeting A+",0.00038314,2,,,1.368582,0,2,,
2026-07-01,2026-07-31,"Nobar Bola",Unknown,inactive,5,reach,1400,50000,Daily,7,6,5,Ongoing,"7-day click or 1-day view",0,ABSOLUTE_OCPM,2026-07-24T11:29:11+0700,-,-,-,"Micro Targeting A+",0,,,,1.2,0,,,
2026-07-01,2026-07-31,"Nobar Bola",Aceh,inactive,312,reach,1480.76923077,50000,Daily,462,330,312,Ongoing,"7-day click or 1-day view",0,ABSOLUTE_OCPM,2026-07-24T11:29:11+0700,-,-,-,"Micro Targeting A+",0,,,,1.057692,0,,,
2026-07-01,2026-07-31,"Nobar Bola",Bali,inactive,95,reach,1484.21052632,50000,Daily,141,100,95,Ongoing,"7-day click or 1-day view",0,ABSOLUTE_OCPM,2026-07-24T11:29:11+0700,-,-,-,"Micro Targeting A+",0,,,,1.052632,0,,,
2026-07-01,2026-07-31,"Nobar Bola",Bengkulu,inactive,182,reach,1494.50549451,50000,Daily,272,192,182,Ongoing,"7-day click or 1-day view",0,ABSOLUTE_OCPM,2026-07-24T11:29:11+0700,-,-,-,"Micro Targeting A+",0,2,,,1.054945,0,2,,
2026-07-01,2026-07-31,"Nobar Bola",Jakarta,inactive,199,reach,1502.51256281,50000,Daily,299,208,199,Ongoing,"7-day click or 1-day view",0,ABSOLUTE_OCPM,2026-07-24T11:29:11+0700,-,-,-,"Micro Targeting A+",0,,,,1.045226,0,,,
2026-07-01,2026-07-31,"Nobar Bola",Jambi,inactive,238,reach,1588.23529412,50000,Daily,378,257,238,Ongoing,"7-day click or 1-day view",0,ABSOLUTE_OCPM,2026-07-24T11:29:11+0700,-,-,-,"Micro Targeting A+",0,,,,1.079832,0,,,
2026-07-01,2026-07-31,"Nobar Bola","Central Java",inactive,1442,reach,1498.61303745,50000,Daily,2161,1504,1442,Ongoing,"7-day click or 1-day view",0,ABSOLUTE_OCPM,2026-07-24T11:29:11+0700,-,-,-,"Micro Targeting A+",0,,,,1.042996,0,,,
2026-07-01,2026-07-31,"Nobar Bola","East Java",inactive,1041,reach,1528.33813641,50000,Daily,1591,1108,1041,Ongoing,"7-day click or 1-day view",0,ABSOLUTE_OCPM,2026-07-24T11:29:11+0700,-,-,-,"Micro Targeting A+",0.00096061,2,,,1.064361,0,2,,
2026-07-01,2026-07-31,"Nobar Bola","Papua (province)",inactive,83,reach,1469.87951807,50000,Daily,122,85,83,Ongoing,"7-day click or 1-day view",0,ABSOLUTE_OCPM,2026-07-24T11:29:11+0700,-,-,-,"Micro Targeting A+",0,,,,1.024096,0,,,
2026-07-01,2026-07-31,"Nobar Bola","Special Region of Yogyakarta",inactive,191,reach,1570.68062827,50000,Daily,300,203,191,Ongoing,"7-day click or 1-day view",0,ABSOLUTE_OCPM,2026-07-24T11:29:11+0700,-,-,-,"Micro Targeting A+",0,,,,1.062827,0,,,
2026-07-01,2026-07-31,"Nobar Bola","West Kalimantan",inactive,256,reach,1542.96875,50000,Daily,395,270,256,Ongoing,"7-day click or 1-day view",0,ABSOLUTE_OCPM,2026-07-24T11:29:11+0700,-,-,-,"Micro Targeting A+",0,,,,1.054688,0,,,
2026-07-01,2026-07-31,"Nobar Bola","South Kalimantan",inactive,178,reach,1528.08988764,50000,Daily,272,195,178,Ongoing,"7-day click or 1-day view",0,ABSOLUTE_OCPM,2026-07-24T11:29:11+0700,-,-,-,"Micro Targeting A+",0,,,,1.095506,0,,,
2026-07-01,2026-07-31,"Nobar Bola","Central Kalimantan",inactive,160,reach,1456.25,50000,Daily,233,164,160,Ongoing,"7-day click or 1-day view",0,ABSOLUTE_OCPM,2026-07-24T11:29:11+0700,-,-,-,"Micro Targeting A+",0,,,,1.025,0,,,
2026-07-01,2026-07-31,"Nobar Bola","East Kalimantan",inactive,238,reach,1537.81512605,50000,Daily,366,250,238,Ongoing,"7-day click or 1-day view",0,ABSOLUTE_OCPM,2026-07-24T11:29:11+0700,-,-,-,"Micro Targeting A+",0,,,,1.05042,0,,,
2026-07-01,2026-07-31,"Nobar Bola",Lampung,inactive,384,reach,1565.10416667,50000,Daily,601,423,384,Ongoing,"7-day click or 1-day view",0,ABSOLUTE_OCPM,2026-07-24T11:29:11+0700,-,-,-,"Micro Targeting A+",0,,,,1.101563,0,,,
2026-07-01,2026-07-31,"Nobar Bola","West Nusa Tenggara",inactive,164,reach,1512.19512195,50000,Daily,248,174,164,Ongoing,"7-day click or 1-day view",0,ABSOLUTE_OCPM,2026-07-24T11:29:11+0700,-,-,-,"Micro Targeting A+",0,,,,1.060976,0,,,
2026-07-01,2026-07-31,"Nobar Bola","East Nusa Tenggara",inactive,161,reach,1465.83850932,50000,Daily,236,168,161,Ongoing,"7-day click or 1-day view",0,ABSOLUTE_OCPM,2026-07-24T11:29:11+0700,-,-,-,"Micro Targeting A+",0,,,,1.043478,0,,,
2026-07-01,2026-07-31,"Nobar Bola",Riau,inactive,440,reach,1584.09090909,50000,Daily,697,455,440,Ongoing,"7-day click or 1-day view",0,ABSOLUTE_OCPM,2026-07-24T11:29:11+0700,-,-,-,"Micro Targeting A+",0,,,,1.034091,0,,,
2026-07-01,2026-07-31,"Nobar Bola","South Sulawesi",inactive,288,reach,1496.52777778,50000,Daily,431,303,288,Ongoing,"7-day click or 1-day view",0,ABSOLUTE_OCPM,2026-07-24T11:29:11+0700,-,-,-,"Micro Targeting A+",0,,,,1.052083,0,,,
2026-07-01,2026-07-31,"Nobar Bola","Central Sulawesi",inactive,179,reach,1430.16759777,50000,Daily,256,187,179,Ongoing,"7-day click or 1-day view",0,ABSOLUTE_OCPM,2026-07-24T11:29:11+0700,-,-,-,"Micro Targeting A+",0,1,,,1.044693,0,1,,
2026-07-01,2026-07-31,"Nobar Bola","Southeast Sulawesi",inactive,89,reach,1471.91011236,50000,Daily,131,96,89,Ongoing,"7-day click or 1-day view",0,ABSOLUTE_OCPM,2026-07-24T11:29:11+0700,-,-,-,"Micro Targeting A+",0,,,,1.078652,0,,,
2026-07-01,2026-07-31,"Nobar Bola","West Sumatra",inactive,436,reach,1511.46788991,50000,Daily,659,467,436,Ongoing,"7-day click or 1-day view",0,ABSOLUTE_OCPM,2026-07-24T11:29:11+0700,-,-,-,"Micro Targeting A+",0,,,,1.071101,0,,,
2026-07-01,2026-07-31,"Nobar Bola","North Sumatra",inactive,760,reach,1568.42105263,50000,Daily,1192,810,760,Ongoing,"7-day click or 1-day view",0,ABSOLUTE_OCPM,2026-07-24T11:29:11+0700,-,-,-,"Micro Targeting A+",0,,,,1.065789,0,,,
2026-07-01,2026-07-31,"Nobar Bola",Maluku,inactive,54,reach,1462.96296296,50000,Daily,79,58,54,Ongoing,"7-day click or 1-day view",0,ABSOLUTE_OCPM,2026-07-24T11:29:11+0700,-,-,-,"Micro Targeting A+",0,,,,1.074074,0,,,
2026-07-01,2026-07-31,"Nobar Bola","West Java",inactive,1545,reach,1568.28478964,50000,Daily,2423,1612,1545,Ongoing,"7-day click or 1-day view",0,ABSOLUTE_OCPM,2026-07-24T11:29:11+0700,-,-,-,"Micro Targeting A+",0,,,,1.043366,0,,,
2026-07-01,2026-07-31,"Nobar Bola","North Sulawesi",inactive,203,reach,1467.98029557,50000,Daily,298,213,203,Ongoing,"7-day click or 1-day view",0,ABSOLUTE_OCPM,2026-07-24T11:29:11+0700,-,-,-,"Micro Targeting A+",0,,,,1.049261,0,,,
2026-07-01,2026-07-31,"Nobar Bola","South Sumatra",inactive,441,reach,1532.87981859,50000,Daily,676,474,441,Ongoing,"7-day click or 1-day view",0,ABSOLUTE_OCPM,2026-07-24T11:29:11+0700,-,-,-,"Micro Targeting A+",0,,,,1.07483,0,,,
2026-07-01,2026-07-31,"Nobar Bola","North Maluku",inactive,59,reach,1491.52542373,50000,Daily,88,61,59,Ongoing,"7-day click or 1-day view",0,ABSOLUTE_OCPM,2026-07-24T11:29:11+0700,-,-,-,"Micro Targeting A+",0,,,,1.033898,0,,,
2026-07-01,2026-07-31,"Nobar Bola","North Kalimantan",inactive,36,reach,1666.66666667,50000,Daily,60,39,36,Ongoing,"7-day click or 1-day view",0,ABSOLUTE_OCPM,2026-07-24T11:29:11+0700,-,-,-,"Micro Targeting A+",0,,,,1.083333,0,,,
2026-07-01,2026-07-31,"Nobar Bola","West Papua",inactive,53,reach,1528.30188679,50000,Daily,81,59,53,Ongoing,"7-day click or 1-day view",0,ABSOLUTE_OCPM,2026-07-24T11:29:11+0700,-,-,-,"Micro Targeting A+",0,,,,1.113208,0,,,
2026-07-01,2026-07-31,"Nobar Bola","West Sulawesi",inactive,70,reach,1585.71428571,50000,Daily,111,76,70,Ongoing,"7-day click or 1-day view",0,ABSOLUTE_OCPM,2026-07-24T11:29:11+0700,-,-,-,"Micro Targeting A+",0,,,,1.085714,0,,,
2026-07-01,2026-07-31,"Nobar Bola",Gorontalo,inactive,69,reach,1594.20289855,50000,Daily,110,74,69,Ongoing,"7-day click or 1-day view",0,ABSOLUTE_OCPM,2026-07-24T11:29:11+0700,-,-,-,"Micro Targeting A+",0,,,,1.072464,0,,,
2026-07-01,2026-07-31,"Nobar Bola",Banten,inactive,225,reach,1555.55555556,50000,Daily,350,237,225,Ongoing,"7-day click or 1-day view",0,ABSOLUTE_OCPM,2026-07-24T11:29:11+0700,-,-,-,"Micro Targeting A+",0,,,,1.053333,0,,,
2026-07-01,2026-07-31,"Nobar Bola","Bangka–Belitung Islands",inactive,115,reach,1617.39130435,50000,Daily,186,121,115,Ongoing,"7-day click or 1-day view",0,ABSOLUTE_OCPM,2026-07-24T11:29:11+0700,-,-,-,"Micro Targeting A+",0.00869565,1,,,1.052174,0,1,,
2026-07-01,2026-07-31,"Nobar Bola","Riau Islands Province",inactive,166,reach,1560.24096386,50000,Daily,259,179,166,Ongoing,"7-day click or 1-day view",0,ABSOLUTE_OCPM,2026-07-24T11:29:11+0700,-,-,-,"Micro Targeting A+",0,,,,1.078313,0,,,
2026-07-01,2026-07-31,"Dapet Kerjaan Di Luar Jobdesk",Aceh,not_delivering,,,,"Using campaign budget",0,33,3,3,Ongoing,"1-day click",0,ABSOLUTE_OCPM,0,-,-,-,"Broad A+",0,,,,1,0,,,
2026-07-01,2026-07-31,"Dapet Kerjaan Di Luar Jobdesk",Bali,not_delivering,,,,"Using campaign budget",0,22,2,2,Ongoing,"1-day click",0,ABSOLUTE_OCPM,0,-,-,-,"Broad A+",0,,,,1,0,,,
2026-07-01,2026-07-31,"Dapet Kerjaan Di Luar Jobdesk",Jakarta,not_delivering,,,,"Using campaign budget",0,259,8,8,Ongoing,"1-day click",0,ABSOLUTE_OCPM,0,-,-,-,"Broad A+",0,5,1,12.5,1,0,5,,
2026-07-01,2026-07-31,"Dapet Kerjaan Di Luar Jobdesk",Jambi,not_delivering,,,,"Using campaign budget",0,6,1,1,Ongoing,"1-day click",0,ABSOLUTE_OCPM,0,-,-,-,"Broad A+",0,1,,,1,0,1,,
2026-07-01,2026-07-31,"Dapet Kerjaan Di Luar Jobdesk","Central Java",not_delivering,,,,"Using campaign budget",0,164,6,6,Ongoing,"1-day click",0,ABSOLUTE_OCPM,0,-,-,-,"Broad A+",0,4,1,16.666667,1,0,4,,
2026-07-01,2026-07-31,"Dapet Kerjaan Di Luar Jobdesk","East Java",not_delivering,,,,"Using campaign budget",0,89,6,6,Ongoing,"1-day click",0,ABSOLUTE_OCPM,0,-,-,-,"Broad A+",0,4,,,1,0,4,,
2026-07-01,2026-07-31,"Dapet Kerjaan Di Luar Jobdesk","Papua (province)",not_delivering,,,,"Using campaign budget",0,24,2,2,Ongoing,"1-day click",0,ABSOLUTE_OCPM,0,-,-,-,"Broad A+",0,2,,,1,0,2,,
2026-07-01,2026-07-31,"Dapet Kerjaan Di Luar Jobdesk","Special Region of Yogyakarta",not_delivering,,,,"Using campaign budget",0,48,4,4,Ongoing,"1-day click",0,ABSOLUTE_OCPM,0,-,-,-,"Broad A+",0,1,,,1,0,1,,
2026-07-01,2026-07-31,"Dapet Kerjaan Di Luar Jobdesk","West Kalimantan",not_delivering,,,,"Using campaign budget",0,9,1,1,Ongoing,"1-day click",0,ABSOLUTE_OCPM,0,-,-,-,"Broad A+",0,,,,1,0,,,
2026-07-01,2026-07-31,"Dapet Kerjaan Di Luar Jobdesk","South Kalimantan",not_delivering,,,,"Using campaign budget",0,28,3,3,Ongoing,"1-day click",0,ABSOLUTE_OCPM,0,-,-,-,"Broad A+",0,1,,,1,0,1,,
2026-07-01,2026-07-31,"Dapet Kerjaan Di Luar Jobdesk","Central Kalimantan",not_delivering,,,,"Using campaign budget",0,1000,2,2,Ongoing,"1-day click",0,ABSOLUTE_OCPM,0,-,-,-,"Broad A+",0,2,,,1,0,2,,
2026-07-01,2026-07-31,"Dapet Kerjaan Di Luar Jobdesk","East Kalimantan",not_delivering,,,,"Using campaign budget",0,153,4,4,Ongoing,"1-day click",0,ABSOLUTE_OCPM,0,-,-,-,"Broad A+",0,3,1,25,1,0,3,,
2026-07-01,2026-07-31,"Dapet Kerjaan Di Luar Jobdesk",Lampung,not_delivering,,,,"Using campaign budget",0,4,1,1,Ongoing,"1-day click",0,ABSOLUTE_OCPM,0,-,-,-,"Broad A+",0,,,,1,0,,,
2026-07-01,2026-07-31,"Dapet Kerjaan Di Luar Jobdesk",Riau,not_delivering,,,,"Using campaign budget",0,53,7,7,Ongoing,"1-day click",0,ABSOLUTE_OCPM,0,-,-,-,"Broad A+",0,5,1,14.285714,1,0,5,,
2026-07-01,2026-07-31,"Dapet Kerjaan Di Luar Jobdesk","South Sulawesi",not_delivering,,,,"Using campaign budget",0,52,5,5,Ongoing,"1-day click",0,ABSOLUTE_OCPM,0,-,-,-,"Broad A+",0,3,,,1,0,3,,
2026-07-01,2026-07-31,"Dapet Kerjaan Di Luar Jobdesk","Central Sulawesi",not_delivering,,,,"Using campaign budget",0,92,2,2,Ongoing,"1-day click",0,ABSOLUTE_OCPM,0,-,-,-,"Broad A+",0,2,,,1,0,2,,
2026-07-01,2026-07-31,"Dapet Kerjaan Di Luar Jobdesk","West Sumatra",not_delivering,,,,"Using campaign budget",0,173,4,4,Ongoing,"1-day click",0,ABSOLUTE_OCPM,0,-,-,-,"Broad A+",0,1,,,1,0,1,,
2026-07-01,2026-07-31,"Dapet Kerjaan Di Luar Jobdesk","North Sumatra",not_delivering,,,,"Using campaign budget",0,181,11,11,Ongoing,"1-day click",0,ABSOLUTE_OCPM,0,-,-,-,"Broad A+",0,4,,,1,0,4,,
2026-07-01,2026-07-31,"Dapet Kerjaan Di Luar Jobdesk",Maluku,not_delivering,,,,"Using campaign budget",0,6,1,1,Ongoing,"1-day click",0,ABSOLUTE_OCPM,0,-,-,-,"Broad A+",0,,,,1,0,,,
2026-07-01,2026-07-31,"Dapet Kerjaan Di Luar Jobdesk","West Java",not_delivering,,,,"Using campaign budget",0,278,12,12,Ongoing,"1-day click",0,ABSOLUTE_OCPM,0,-,-,-,"Broad A+",0,6,,,1,0,6,,
2026-07-01,2026-07-31,"Dapet Kerjaan Di Luar Jobdesk","North Sulawesi",not_delivering,,,,"Using campaign budget",0,60,3,3,Ongoing,"1-day click",0,ABSOLUTE_OCPM,0,-,-,-,"Broad A+",0,1,,,1,0,1,,
2026-07-01,2026-07-31,"Dapet Kerjaan Di Luar Jobdesk","South Sumatra",not_delivering,,,,"Using campaign budget",0,42,2,2,Ongoing,"1-day click",0,ABSOLUTE_OCPM,0,-,-,-,"Broad A+",0,,,,1,0,,,
2026-07-01,2026-07-31,"Dapet Kerjaan Di Luar Jobdesk","West Papua",not_delivering,,,,"Using campaign budget",0,42,3,2,Ongoing,"1-day click",0,ABSOLUTE_OCPM,0,-,-,-,"Broad A+",0,1,,,1.5,0,1,,
2026-07-01,2026-07-31,"Dapet Kerjaan Di Luar Jobdesk","West Sulawesi",not_delivering,,,,"Using campaign budget",0,5,1,1,Ongoing,"1-day click",0,ABSOLUTE_OCPM,0,-,-,-,"Broad A+",0,,,,1,0,,,
2026-07-01,2026-07-31,"Dapet Kerjaan Di Luar Jobdesk",Banten,not_delivering,,,,"Using campaign budget",0,47,2,2,Ongoing,"1-day click",0,ABSOLUTE_OCPM,0,-,-,-,"Broad A+",0,2,,,1,0,2,,
2026-07-01,2026-07-31,"Nobar Bola Pakai Bourbon",Unknown,not_delivering,,,,"Using campaign budget",0,1013,357,327,Ongoing,"1-day click",0,ABSOLUTE_OCPM,0,-,-,-,"Broad A+",0.00611621,2,,,1.091743,0,2,,
2026-07-01,2026-07-31,"Nobar Bola Pakai Bourbon",Aceh,not_delivering,,,,"Using campaign budget",0,11897,3667,3091,Ongoing,"1-day click",0,ABSOLUTE_OCPM,0,-,-,-,"Broad A+",0.00064704,41,39,1.06354,1.186347,0,41,,
2026-07-01,2026-07-31,"Nobar Bola Pakai Bourbon",Bali,not_delivering,,,,"Using campaign budget",0,3700,755,657,Ongoing,"1-day click",0,ABSOLUTE_OCPM,0,-,-,-,"Broad A+",0,15,15,1.986755,1.149163,0,15,,
2026-07-01,2026-07-31,"Nobar Bola Pakai Bourbon",Bengkulu,not_delivering,,,,"Using campaign budget",0,5413,1647,1374,Ongoing,"1-day click",0,ABSOLUTE_OCPM,0,-,-,-,"Broad A+",0,14,14,0.85003,1.19869,0,14,,
2026-07-01,2026-07-31,"Nobar Bola Pakai Bourbon",Jakarta,not_delivering,,,,"Using campaign budget",0,17669,3093,2725,Ongoing,"1-day click",0,ABSOLUTE_OCPM,0,-,-,-,"Broad A+",0.00036697,36,35,1.131587,1.135046,0,36,,
2026-07-01,2026-07-31,"Nobar Bola Pakai Bourbon",Jambi,not_delivering,,,,"Using campaign budget",0,9893,2961,2509,Ongoing,"1-day click",0,ABSOLUTE_OCPM,0,-,-,-,"Broad A+",0,33,33,1.114488,1.180151,0,33,,
2026-07-01,2026-07-31,"Nobar Bola Pakai Bourbon","Central Java",not_delivering,,,,"Using campaign budget",0,54468,15511,12977,Ongoing,"1-day click",0,ABSOLUTE_OCPM,0,-,-,-,"Broad A+",0.00061648,181,173,1.115338,1.195269,1,181,,
2026-07-01,2026-07-31,"Nobar Bola Pakai Bourbon","East Java",not_delivering,,,,"Using campaign budget",0,53264,14423,12179,Ongoing,"1-day click",0,ABSOLUTE_OCPM,0,-,-,-,"Broad A+",0.00057476,149,141,0.977605,1.184252,0,151,,
2026-07-01,2026-07-31,"Nobar Bola Pakai Bourbon","Papua (province)",not_delivering,,,,"Using campaign budget",0,10581,2808,2246,Ongoing,"1-day click",0,ABSOLUTE_OCPM,0,-,-,-,"Broad A+",0.00222618,41,36,1.282051,1.250223,0,41,,
2026-07-01,2026-07-31,"Nobar Bola Pakai Bourbon","Special Region of Yogyakarta",not_delivering,,,,"Using campaign budget",0,8810,2080,1742,Ongoing,"1-day click",0,ABSOLUTE_OCPM,0,-,-,-,"Broad A+",0.00057405,22,21,1.009615,1.19403,0,22,,
2026-07-01,2026-07-31,"Nobar Bola Pakai Bourbon","West Kalimantan",not_delivering,,,,"Using campaign budget",0,10443,3018,2613,Ongoing,"1-day click",0,ABSOLUTE_OCPM,0,-,-,-,"Broad A+",0.00114811,37,34,1.126574,1.154994,1,37,,
2026-07-01,2026-07-31,"Nobar Bola Pakai Bourbon","South Kalimantan",not_delivering,,,,"Using campaign budget",0,12335,3417,2840,Ongoing,"1-day click",0,ABSOLUTE_OCPM,0,-,-,-,"Broad A+",0.00105634,49,46,1.34621,1.203169,0,49,,
2026-07-01,2026-07-31,"Nobar Bola Pakai Bourbon","Central Kalimantan",not_delivering,,,,"Using campaign budget",0,6512,1867,1578,Ongoing,"1-day click",0,ABSOLUTE_OCPM,0,-,-,-,"Broad A+",0,23,23,1.231923,1.183143,0,23,,
2026-07-01,2026-07-31,"Nobar Bola Pakai Bourbon","East Kalimantan",not_delivering,,,,"Using campaign budget",0,18809,4915,4046,Ongoing,"1-day click",0,ABSOLUTE_OCPM,0,-,-,-,"Broad A+",0.00074147,58,55,1.119023,1.21478,0,58,,
2026-07-01,2026-07-31,"Nobar Bola Pakai Bourbon",Lampung,not_delivering,,,,"Using campaign budget",0,14614,4196,3520,Ongoing,"1-day click",0,ABSOLUTE_OCPM,0,-,-,-,"Broad A+",0.00056818,48,46,1.096282,1.192045,0,48,,
2026-07-01,2026-07-31,"Nobar Bola Pakai Bourbon","West Nusa Tenggara",not_delivering,,,,"Using campaign budget",0,7931,2363,2023,Ongoing,"1-day click",0,ABSOLUTE_OCPM,0,-,-,-,"Broad A+",0.00148295,29,26,1.100296,1.168067,0,29,,
2026-07-01,2026-07-31,"Nobar Bola Pakai Bourbon","East Nusa Tenggara",not_delivering,,,,"Using campaign budget",0,8467,2494,2056,Ongoing,"1-day click",0,ABSOLUTE_OCPM,0,-,-,-,"Broad A+",0,25,25,1.002406,1.213035,0,25,,
2026-07-01,2026-07-31,"Nobar Bola Pakai Bourbon",Riau,not_delivering,,,,"Using campaign budget",0,18795,5545,4632,Ongoing,"1-day click",0,ABSOLUTE_OCPM,0,-,-,-,"Broad A+",0.00129534,57,51,0.919748,1.197107,0,57,,
2026-07-01,2026-07-31,"Nobar Bola Pakai Bourbon","South Sulawesi",not_delivering,,,,"Using campaign budget",0,32277,9796,7974,Ongoing,"1-day click",0,ABSOLUTE_OCPM,0,-,-,-,"Broad A+",0.00150489,110,97,0.9902,1.228493,0,110,,
2026-07-01,2026-07-31,"Nobar Bola Pakai Bourbon","Central Sulawesi",not_delivering,,,,"Using campaign budget",0,8765,2654,2130,Ongoing,"1-day click",0,ABSOLUTE_OCPM,0,-,-,-,"Broad A+",0.00093897,28,26,0.979653,1.246009,0,28,,
2026-07-01,2026-07-31,"Nobar Bola Pakai Bourbon","Southeast Sulawesi",not_delivering,,,,"Using campaign budget",0,8503,2495,2121,Ongoing,"1-day click",0,ABSOLUTE_OCPM,0,-,-,-,"Broad A+",0.00094295,34,32,1.282565,1.176332,0,34,,
2026-07-01,2026-07-31,"Nobar Bola Pakai Bourbon","West Sumatra",not_delivering,,,,"Using campaign budget",0,19565,5964,4945,Ongoing,"1-day click",0,ABSOLUTE_OCPM,0,-,-,-,"Broad A+",0.00101112,52,47,0.788062,1.206067,0,52,,
2026-07-01,2026-07-31,"Nobar Bola Pakai Bourbon","North Sumatra",not_delivering,,,,"Using campaign budget",0,38445,11291,9341,Ongoing,"1-day click",0,ABSOLUTE_OCPM,0,-,-,-,"Broad A+",0.00107055,127,117,1.036224,1.208757,1,127,,
2026-07-01,2026-07-31,"Nobar Bola Pakai Bourbon",Maluku,not_delivering,,,,"Using campaign budget",0,6526,1912,1528,Ongoing,"1-day click",0,ABSOLUTE_OCPM,0,-,-,-,"Broad A+",0.00327225,23,18,0.941423,1.251309,0,23,,
2026-07-01,2026-07-31,"Nobar Bola Pakai Bourbon","West Java",not_delivering,,,,"Using campaign budget",0,100937,27192,22342,Ongoing,"1-day click",0,ABSOLUTE_OCPM,0,-,-,-,"Broad A+",0.00058186,296,282,1.03707,1.21708,2,296,,
2026-07-01,2026-07-31,"Nobar Bola Pakai Bourbon","North Sulawesi",not_delivering,,,,"Using campaign budget",0,5566,1459,1227,Ongoing,"1-day click",0,ABSOLUTE_OCPM,0,-,-,-,"Broad A+",0.000815,15,14,0.959561,1.189079,0,15,,
2026-07-01,2026-07-31,"Nobar Bola Pakai Bourbon","South Sumatra",not_delivering,,,,"Using campaign budget",0,16309,4614,3909,Ongoing,"1-day click",0,ABSOLUTE_OCPM,0,-,-,-,"Broad A+",0.00076746,55,52,1.127005,1.180353,1,55,,
2026-07-01,2026-07-31,"Nobar Bola Pakai Bourbon","North Maluku",not_delivering,,,,"Using campaign budget",0,3144,913,723,Ongoing,"1-day click",0,ABSOLUTE_OCPM,0,-,-,-,"Broad A+",0,7,7,0.766703,1.262794,0,7,,
2026-07-01,2026-07-31,"Nobar Bola Pakai Bourbon","North Kalimantan",not_delivering,,,,"Using campaign budget",0,3693,1086,867,Ongoing,"1-day click",0,ABSOLUTE_OCPM,0,-,-,-,"Broad A+",0.00230681,7,5,0.460405,1.252595,0,7,,
2026-07-01,2026-07-31,"Nobar Bola Pakai Bourbon","West Papua",not_delivering,,,,"Using campaign budget",0,6114,1794,1422,Ongoing,"1-day click",0,ABSOLUTE_OCPM,0,-,-,-,"Broad A+",0.0021097,25,22,1.22631,1.261603,0,25,,
2026-07-01,2026-07-31,"Nobar Bola Pakai Bourbon","West Sulawesi",not_delivering,,,,"Using campaign budget",0,3292,1004,834,Ongoing,"1-day click",0,ABSOLUTE_OCPM,0,-,-,-,"Broad A+",0,12,12,1.195219,1.203837,0,12,,
2026-07-01,2026-07-31,"Nobar Bola Pakai Bourbon",Gorontalo,not_delivering,,,,"Using campaign budget",0,3078,839,713,Ongoing,"1-day click",0,ABSOLUTE_OCPM,0,-,-,-,"Broad A+",0,6,6,0.715137,1.176718,0,6,,
2026-07-01,2026-07-31,"Nobar Bola Pakai Bourbon",Banten,not_delivering,,,,"Using campaign budget",0,19505,4896,4169,Ongoing,"1-day click",0,ABSOLUTE_OCPM,0,-,-,-,"Broad A+",0.00095946,57,53,1.082516,1.174382,2,57,,
2026-07-01,2026-07-31,"Nobar Bola Pakai Bourbon","Bangka–Belitung Islands",not_delivering,,,,"Using campaign budget",0,3357,1026,850,Ongoing,"1-day click",0,ABSOLUTE_OCPM,0,-,-,-,"Broad A+",0,13,13,1.267057,1.207059,0,13,,
2026-07-01,2026-07-31,"Nobar Bola Pakai Bourbon","Riau Islands Province",not_delivering,,,,"Using campaign budget",0,9088,2440,2044,Ongoing,"1-day click",0,ABSOLUTE_OCPM,0,-,-,-,"Broad A+",0.00146771,24,21,0.860656,1.193738,0,24,,
2026-07-01,2026-07-31,"Aldi Taher",Unknown,inactive,,,,"Using campaign budget",0,1261,415,373,Ongoing,"1-day click",0,ABSOLUTE_OCPM,0,-,-,-,"Broad A+",0.00268097,6,5,1.204819,1.112601,0,6,,
2026-07-01,2026-07-31,"Aldi Taher",Aceh,inactive,,,,"Using campaign budget",0,23573,5851,4868,Ongoing,"1-day click",0,ABSOLUTE_OCPM,0,-,-,-,"Broad A+",0.00143796,80,73,1.24765,1.201931,0,80,,
2026-07-01,2026-07-31,"Aldi Taher",Bali,inactive,,,,"Using campaign budget",0,23212,3897,3328,Ongoing,"1-day click",0,ABSOLUTE_OCPM,0,-,-,-,"Broad A+",0.00030048,71,70,1.796254,1.170974,0,71,,
2026-07-01,2026-07-31,"Aldi Taher",Bengkulu,inactive,,,,"Using campaign budget",0,10717,2672,2153,Ongoing,"1-day click",0,ABSOLUTE_OCPM,0,-,-,-,"Broad A+",0,32,31,1.16018,1.241059,0,32,,
2026-07-01,2026-07-31,"Aldi Taher",Jakarta,inactive,,,,"Using campaign budget",0,137560,21065,17567,Ongoing,"1-day click",0,ABSOLUTE_OCPM,0,-,-,-,"Broad A+",0.00130927,415,387,1.837171,1.199123,2,415,,
2026-07-01,2026-07-31,"Aldi Taher",Jambi,inactive,,,,"Using campaign budget",0,21851,5404,4280,Ongoing,"1-day click",0,ABSOLUTE_OCPM,0,-,-,-,"Broad A+",0.00116822,92,87,1.609919,1.262617,0,92,,
2026-07-01,2026-07-31,"Aldi Taher","Central Java",inactive,,,,"Using campaign budget",0,181824,40079,31934,Ongoing,"1-day click",0,ABSOLUTE_OCPM,0,-,-,-,"Broad A+",0.00084549,579,552,1.37728,1.255057,0,579,,
2026-07-01,2026-07-31,"Aldi Taher","East Java",inactive,,,,"Using campaign budget",0,195105,40191,34317,Ongoing,"1-day click",0,ABSOLUTE_OCPM,0,-,-,-,"Broad A+",0.00061194,646,622,1.54761,1.171169,1,646,,
2026-07-01,2026-07-31,"Aldi Taher","Papua (province)",inactive,,,,"Using campaign budget",0,14602,3584,2811,Ongoing,"1-day click",0,ABSOLUTE_OCPM,0,-,-,-,"Broad A+",0.00177873,43,37,1.032366,1.274991,0,43,,
2026-07-01,2026-07-31,"Aldi Taher","Special Region of Yogyakarta",inactive,,,,"Using campaign budget",0,41737,8061,6465,Ongoing,"1-day click",0,ABSOLUTE_OCPM,0,-,-,-,"Broad A+",0,125,125,1.550676,1.246868,0,125,,
2026-07-01,2026-07-31,"Aldi Taher","West Kalimantan",inactive,,,,"Using campaign budget",0,29721,6786,5435,Ongoing,"1-day click",0,ABSOLUTE_OCPM,0,-,-,-,"Broad A+",0.00073597,104,99,1.458886,1.248574,0,104,,
2026-07-01,2026-07-31,"Aldi Taher","South Kalimantan",inactive,,,,"Using campaign budget",0,45062,10049,7982,Ongoing,"1-day click",0,ABSOLUTE_OCPM,0,-,-,-,"Broad A+",0.00037585,154,151,1.502637,1.258958,0,154,,
2026-07-01,2026-07-31,"Aldi Taher","Central Kalimantan",inactive,,,,"Using campaign budget",0,20826,4723,3808,Ongoing,"1-day click",0,ABSOLUTE_OCPM,0,-,-,-,"Broad A+",0.00157563,86,79,1.672666,1.240284,0,86,,
2026-07-01,2026-07-31,"Aldi Taher","East Kalimantan",inactive,,,,"Using campaign budget",0,64798,13753,10930,Ongoing,"1-day click",0,ABSOLUTE_OCPM,0,-,-,-,"Broad A+",0.00091491,220,208,1.512397,1.25828,1,220,,
2026-07-01,2026-07-31,"Aldi Taher",Lampung,inactive,,,,"Using campaign budget",0,38210,8569,6844,Ongoing,"1-day click",0,ABSOLUTE_OCPM,0,-,-,-,"Broad A+",0.00029223,119,115,1.342047,1.252046,0,119,,
2026-07-01,2026-07-31,"Aldi Taher","West Nusa Tenggara",inactive,,,,"Using campaign budget",0,15681,3523,2822,Ongoing,"1-day click",0,ABSOLUTE_OCPM,0,-,-,-,"Broad A+",0.00070872,55,53,1.5044,1.248405,0,55,,
2026-07-01,2026-07-31,"Aldi Taher","East Nusa Tenggara",inactive,,,,"Using campaign budget",0,10923,2679,2174,Ongoing,"1-day click",0,ABSOLUTE_OCPM,0,-,-,-,"Broad A+",0.00045998,33,32,1.194476,1.232291,0,33,,
2026-07-01,2026-07-31,"Aldi Taher",Riau,inactive,,,,"Using campaign budget",0,42426,10304,8379,Ongoing,"1-day click",0,ABSOLUTE_OCPM,0,-,-,-,"Broad A+",0.00119346,163,153,1.48486,1.229741,0,163,,
2026-07-01,2026-07-31,"Aldi Taher","South Sulawesi",inactive,,,,"Using campaign budget",0,72994,16700,13160,Ongoing,"1-day click",0,ABSOLUTE_OCPM,0,-,-,-,"Broad A+",0.00113982,273,258,1.54491,1.268997,0,273,,
2026-07-01,2026-07-31,"Aldi Taher","Central Sulawesi",inactive,,,,"Using campaign budget",0,19358,4600,3549,Ongoing,"1-day click",0,ABSOLUTE_OCPM,0,-,-,-,"Broad A+",0.00197239,72,65,1.413043,1.29614,0,72,,
2026-07-01,2026-07-31,"Aldi Taher","Southeast Sulawesi",inactive,,,,"Using campaign budget",0,18365,4366,3453,Ongoing,"1-day click",0,ABSOLUTE_OCPM,0,-,-,-,"Broad A+",0.00057921,49,47,1.0765,1.264408,0,49,,
2026-07-01,2026-07-31,"Aldi Taher","West Sumatra",inactive,,,,"Using campaign budget",0,39629,9873,7890,Ongoing,"1-day click",0,ABSOLUTE_OCPM,0,-,-,-,"Broad A+",0.00025349,127,123,1.245822,1.251331,0,127,,
2026-07-01,2026-07-31,"Aldi Taher","North Sumatra",inactive,,,,"Using campaign budget",0,78898,18813,15026,Ongoing,"1-day click",0,ABSOLUTE_OCPM,0,-,-,-,"Broad A+",0.00099827,326,307,1.63185,1.25203,0,326,,
2026-07-01,2026-07-31,"Aldi Taher",Maluku,inactive,,,,"Using campaign budget",0,7971,2070,1643,Ongoing,"1-day click",0,ABSOLUTE_OCPM,0,-,-,-,"Broad A+",0.00121729,23,21,1.014493,1.25989,0,23,,
2026-07-01,2026-07-31,"Aldi Taher","West Java",inactive,,,,"Using campaign budget",0,344135,69292,58000,Ongoing,"1-day click",0,ABSOLUTE_OCPM,0,-,-,-,"Broad A+",0.00094828,1108,1050,1.515326,1.19469,3,1108,,
2026-07-01,2026-07-31,"Aldi Taher","North Sulawesi",inactive,,,,"Using campaign budget",0,10271,2218,1857,Ongoing,"1-day click",0,ABSOLUTE_OCPM,0,-,-,-,"Broad A+",0,26,26,1.172227,1.1944,0,26,,
2026-07-01,2026-07-31,"Aldi Taher","South Sumatra",inactive,,,,"Using campaign budget",0,42215,9551,7622,Ongoing,"1-day click",0,ABSOLUTE_OCPM,0,-,-,-,"Broad A+",0.00091839,150,142,1.486755,1.253083,0,150,,
2026-07-01,2026-07-31,"Aldi Taher","North Maluku",inactive,,,,"Using campaign budget",0,5794,1365,1066,Ongoing,"1-day click",0,ABSOLUTE_OCPM,0,-,-,-,"Broad A+",0.00093809,18,17,1.245421,1.280488,0,18,,
2026-07-01,2026-07-31,"Aldi Taher","North Kalimantan",inactive,,,,"Using campaign budget",0,8186,1930,1541,Ongoing,"1-day click",0,ABSOLUTE_OCPM,0,-,-,-,"Broad A+",0.00064893,21,20,1.036269,1.252433,0,21,,
2026-07-01,2026-07-31,"Aldi Taher","West Papua",inactive,,,,"Using campaign budget",0,8008,1942,1533,Ongoing,"1-day click",0,ABSOLUTE_OCPM,0,-,-,-,"Broad A+",0.00065232,25,24,1.235839,1.266797,0,25,,
2026-07-01,2026-07-31,"Aldi Taher","West Sulawesi",inactive,,,,"Using campaign budget",0,5033,1365,1056,Ongoing,"1-day click",0,ABSOLUTE_OCPM,0,-,-,-,"Broad A+",0.00094697,13,12,0.879121,1.292614,0,13,,
2026-07-01,2026-07-31,"Aldi Taher",Gorontalo,inactive,,,,"Using campaign budget",0,5185,1267,1000,Ongoing,"1-day click",0,ABSOLUTE_OCPM,0,-,-,-,"Broad A+",0,12,12,0.947119,1.267,0,12,,
2026-07-01,2026-07-31,"Aldi Taher",Banten,inactive,,,,"Using campaign budget",0,86485,15793,13023,Ongoing,"1-day click",0,ABSOLUTE_OCPM,0,-,-,-,"Broad A+",0.0012286,292,274,1.734946,1.212701,1,292,,
2026-07-01,2026-07-31,"Aldi Taher","Bangka–Belitung Islands",inactive,,,,"Using campaign budget",0,8301,1975,1558,Ongoing,"1-day click",0,ABSOLUTE_OCPM,0,-,-,-,"Broad A+",0.00064185,33,32,1.620253,1.267651,0,33,,
2026-07-01,2026-07-31,"Aldi Taher","Riau Islands Province",inactive,,,,"Using campaign budget",0,27834,6191,5109,Ongoing,"1-day click",0,ABSOLUTE_OCPM,0,-,-,-,"Broad A+",0.0011744,106,100,1.615248,1.211783,0,106,,
2026-07-01,2026-07-31,"Aldi Taher",Unknown,inactive,276,reach,1746.37681159,50000,Daily,482,363,276,Ongoing,"7-day click or 1-day view",0,ABSOLUTE_OCPM,2026-07-24T11:29:11+0700,-,-,-,"Micro Targeting A+",0,1,,,1.315217,0,1,,
2026-07-01,2026-07-31,"Aldi Taher",Aceh,inactive,10869,reach,2372.71138099,50000,Daily,25789,18768,10869,Ongoing,"7-day click or 1-day view",0,ABSOLUTE_OCPM,2026-07-24T11:29:11+0700,-,-,-,"Micro Targeting A+",0.00073604,10,1,0.005328,1.726746,0,10,,
2026-07-01,2026-07-31,"Aldi Taher",Bali,inactive,8843,reach,2363.22514984,50000,Daily,20898,15231,8843,Ongoing,"7-day click or 1-day view",0,ABSOLUTE_OCPM,2026-07-24T11:29:11+0700,-,-,-,"Micro Targeting A+",0.00113084,11,1,0.006566,1.722379,0,11,,
2026-07-01,2026-07-31,"Aldi Taher",Bengkulu,inactive,9105,reach,2387.36957716,50000,Daily,21737,15742,9105,Ongoing,"7-day click or 1-day view",0,ABSOLUTE_OCPM,2026-07-24T11:29:11+0700,-,-,-,"Micro Targeting A+",0.00120813,11,,,1.72894,0,11,,
2026-07-01,2026-07-31,"Aldi Taher",Jakarta,inactive,5953,reach,2329.24575844,50000,Daily,13866,10077,5953,Ongoing,"7-day click or 1-day view",0,ABSOLUTE_OCPM,2026-07-24T11:29:11+0700,-,-,-,"Micro Targeting A+",0.00117588,8,,,1.69276,0,8,,
2026-07-01,2026-07-31,"Aldi Taher",Jambi,inactive,11577,reach,2430.85428004,50000,Daily,28142,20394,11577,Ongoing,"7-day click or 1-day view",0,ABSOLUTE_OCPM,2026-07-24T11:29:11+0700,-,-,-,"Micro Targeting A+",0.00103654,14,,,1.761596,0,14,,
2026-07-01,2026-07-31,"Aldi Taher","Central Java",inactive,43222,reach,2367.79880616,50000,Daily,102341,73622,43222,Ongoing,"7-day click or 1-day view",0,ABSOLUTE_OCPM,2026-07-24T11:29:11+0700,-,-,-,"Micro Targeting A+",0.00023136,12,2,0.002717,1.703346,0,12,,
2026-07-01,2026-07-31,"Aldi Taher","East Java",inactive,39313,reach,2403.12364867,50000,Daily,94474,68050,39313,Ongoing,"7-day click or 1-day view",0,ABSOLUTE_OCPM,2026-07-24T11:29:11+0700,-,-,-,"Micro Targeting A+",0.00055961,24,,,1.73098,0,24,,
2026-07-01,2026-07-31,"Aldi Taher","Papua (province)",inactive,6810,reach,2292.65785609,50000,Daily,15613,11315,6810,Ongoing,"7-day click or 1-day view",0,ABSOLUTE_OCPM,2026-07-24T11:29:11+0700,-,-,-,"Micro Targeting A+",0.00044053,5,,,1.661527,0,5,,
2026-07-01,2026-07-31,"Aldi Taher","Special Region of Yogyakarta",inactive,3908,reach,2352.09825998,50000,Daily,9192,6630,3908,Ongoing,"7-day click or 1-day view",0,ABSOLUTE_OCPM,2026-07-24T11:29:11+0700,-,-,-,"Micro Targeting A+",0.00051177,3,1,0.015083,1.69652,0,3,,
2026-07-01,2026-07-31,"Aldi Taher","West Kalimantan",inactive,12914,reach,2401.19250426,50000,Daily,31009,22331,12914,Ongoing,"7-day click or 1-day view",0,ABSOLUTE_OCPM,2026-07-24T11:29:11+0700,-,-,-,"Micro Targeting A+",0.00108409,14,,,1.729209,0,14,,
2026-07-01,2026-07-31,"Aldi Taher","South Kalimantan",inactive,8227,reach,2437.09736234,50000,Daily,20050,14518,8227,Ongoing,"7-day click or 1-day view",0,ABSOLUTE_OCPM,2026-07-24T11:29:11+0700,-,-,-,"Micro Targeting A+",0.00085086,8,,,1.764677,0,8,,
2026-07-01,2026-07-31,"Aldi Taher","Central Kalimantan",inactive,8199,reach,2404.80546408,50000,Daily,19717,14337,8199,Ongoing,"7-day click or 1-day view",0,ABSOLUTE_OCPM,2026-07-24T11:29:11+0700,-,-,-,"Micro Targeting A+",0.00170753,14,,,1.748628,0,14,,
2026-07-01,2026-07-31,"Aldi Taher","East Kalimantan",inactive,11926,reach,2512.07445916,50000,Daily,29959,21723,11926,Ongoing,"7-day click or 1-day view",0,ABSOLUTE_OCPM,2026-07-24T11:29:11+0700,-,-,-,"Micro Targeting A+",0.00075465,10,1,0.004603,1.821482,0,10,,
2026-07-01,2026-07-31,"Aldi Taher",Lampung,inactive,15998,reach,2418.86485811,50000,Daily,38697,27830,15998,Ongoing,"7-day click or 1-day view",0,ABSOLUTE_OCPM,2026-07-24T11:29:11+0700,-,-,-,"Micro Targeting A+",0.0008126,15,1,0.003593,1.739592,0,15,,
2026-07-01,2026-07-31,"Aldi Taher","West Nusa Tenggara",inactive,13539,reach,2399.58638009,50000,Daily,32488,23456,13539,Ongoing,"7-day click or 1-day view",0,ABSOLUTE_OCPM,2026-07-24T11:29:11+0700,-,-,-,"Micro Targeting A+",0.00073861,11,,,1.732477,0,11,,
2026-07-01,2026-07-31,"Aldi Taher","East Nusa Tenggara",inactive,13666,reach,2275.20854676,50000,Daily,31093,22434,13666,Ongoing,"7-day click or 1-day view",0,ABSOLUTE_OCPM,2026-07-24T11:29:11+0700,-,-,-,"Micro Targeting A+",0.00058539,10,,,1.641592,0,10,,
2026-07-01,2026-07-31,"Aldi Taher",Riau,inactive,19563,reach,2326.53478505,50000,Daily,45514,33204,19563,Ongoing,"7-day click or 1-day view",0,ABSOLUTE_OCPM,2026-07-24T11:29:11+0700,-,-,-,"Micro Targeting A+",0.00076675,16,,,1.697286,0,16,,
2026-07-01,2026-07-31,"Aldi Taher","South Sulawesi",inactive,25532,reach,2385.94704684,50000,Daily,60918,44153,25532,Ongoing,"7-day click or 1-day view",0,ABSOLUTE_OCPM,2026-07-24T11:29:11+0700,-,-,-,"Micro Targeting A+",0.00101833,27,1,0.002265,1.72932,0,27,,
2026-07-01,2026-07-31,"Aldi Taher","Central Sulawesi",inactive,10235,reach,2433.51245725,50000,Daily,24907,18105,10235,Ongoing,"7-day click or 1-day view",0,ABSOLUTE_OCPM,2026-07-24T11:29:11+0700,-,-,-,"Micro Targeting A+",0.00039082,5,,,1.76893,0,5,,
2026-07-01,2026-07-31,"Aldi Taher","Southeast Sulawesi",inactive,8556,reach,2375.87657784,50000,Daily,20328,14677,8556,Ongoing,"7-day click or 1-day view",0,ABSOLUTE_OCPM,2026-07-24T11:29:11+0700,-,-,-,"Micro Targeting A+",0.00093502,8,,,1.715404,0,8,,
2026-07-01,2026-07-31,"Aldi Taher","West Sumatra",inactive,18865,reach,2367.02888948,50000,Daily,44654,32577,18865,Ongoing,"7-day click or 1-day view",0,ABSOLUTE_OCPM,2026-07-24T11:29:11+0700,-,-,-,"Micro Targeting A+",0.00047707,10,,,1.726849,0,10,,
2026-07-01,2026-07-31,"Aldi Taher","North Sumatra",inactive,36716,reach,2414.94171478,50000,Daily,88667,64587,36716,Ongoing,"7-day click or 1-day view",0,ABSOLUTE_OCPM,2026-07-24T11:29:11+0700,-,-,-,"Micro Targeting A+",0.0009805,40,1,0.001548,1.759097,0,40,,
2026-07-01,2026-07-31,"Aldi Taher",Maluku,inactive,6636,reach,2326.25075347,50000,Daily,15437,11122,6636,Ongoing,"7-day click or 1-day view",0,ABSOLUTE_OCPM,2026-07-24T11:29:11+0700,-,-,-,"Micro Targeting A+",0.00060277,4,,,1.67601,0,4,,
2026-07-01,2026-07-31,"Aldi Taher","West Java",inactive,54487,reach,2429.69882724,50000,Daily,132387,95916,54487,Ongoing,"7-day click or 1-day view",0,ABSOLUTE_OCPM,2026-07-24T11:29:11+0700,-,-,-,"Micro Targeting A+",0.00042212,29,3,0.003128,1.760347,0,29,,
2026-07-01,2026-07-31,"Aldi Taher","North Sulawesi",inactive,12750,reach,2388.94117647,50000,Daily,30459,22003,12750,Ongoing,"7-day click or 1-day view",0,ABSOLUTE_OCPM,2026-07-24T11:29:11+0700,-,-,-,"Micro Targeting A+",0.00062745,10,,,1.725725,0,10,,
2026-07-01,2026-07-31,"Aldi Taher","South Sumatra",inactive,20558,reach,2443.67156338,50000,Daily,50237,36393,20558,Ongoing,"7-day click or 1-day view",0,ABSOLUTE_OCPM,2026-07-24T11:29:11+0700,-,-,-,"Micro Targeting A+",0.00043779,12,,,1.77026,0,12,,
2026-07-01,2026-07-31,"Aldi Taher","North Maluku",inactive,5621,reach,2428.39352428,50000,Daily,13650,9866,5621,Ongoing,"7-day click or 1-day view",0,ABSOLUTE_OCPM,2026-07-24T11:29:11+0700,-,-,-,"Micro Targeting A+",0.00088952,6,,,1.755204,0,6,,
2026-07-01,2026-07-31,"Aldi Taher","North Kalimantan",inactive,2359,reach,2468.41882153,50000,Daily,5823,4228,2359,Ongoing,"7-day click or 1-day view",0,ABSOLUTE_OCPM,2026-07-24T11:29:11+0700,-,-,-,"Micro Targeting A+",0.00211954,6,1,0.023652,1.792285,0,6,,
2026-07-01,2026-07-31,"Aldi Taher","West Papua",inactive,3659,reach,2414.59415141,50000,Daily,8835,6424,3659,Ongoing,"7-day click or 1-day view",0,ABSOLUTE_OCPM,2026-07-24T11:29:11+0700,-,-,-,"Micro Targeting A+",0.0005466,4,,,1.755671,0,4,,
2026-07-01,2026-07-31,"Aldi Taher","West Sulawesi",inactive,7722,reach,2428.51592852,50000,Daily,18753,13491,7722,Ongoing,"7-day click or 1-day view",0,ABSOLUTE_OCPM,2026-07-24T11:29:11+0700,-,-,-,"Micro Targeting A+",0.000777,6,,,1.747086,0,6,,
2026-07-01,2026-07-31,"Aldi Taher",Gorontalo,inactive,5927,reach,2398.51526911,50000,Daily,14216,10263,5927,Ongoing,"7-day click or 1-day view",0,ABSOLUTE_OCPM,2026-07-24T11:29:11+0700,-,-,-,"Micro Targeting A+",0.0008436,5,,,1.731567,0,5,,
2026-07-01,2026-07-31,"Aldi Taher",Banten,inactive,9077,reach,2423.26759943,50000,Daily,21996,15994,9077,Ongoing,"7-day click or 1-day view",0,ABSOLUTE_OCPM,2026-07-24T11:29:11+0700,-,-,-,"Micro Targeting A+",0.00044067,4,,,1.762036,0,4,,
2026-07-01,2026-07-31,"Aldi Taher","Bangka–Belitung Islands",inactive,4768,reach,2395.34395973,50000,Daily,11421,8337,4768,Ongoing,"7-day click or 1-day view",0,ABSOLUTE_OCPM,2026-07-24T11:29:11+0700,-,-,-,"Micro Targeting A+",0.00041946,2,,,1.748532,0,2,,
2026-07-01,2026-07-31,"Aldi Taher","Riau Islands Province",inactive,5994,reach,2420.92092092,50000,Daily,14511,10601,5994,Ongoing,"7-day click or 1-day view",0,ABSOLUTE_OCPM,2026-07-24T11:29:11+0700,-,-,-,"Micro Targeting A+",0.00066733,4,,,1.768602,0,4,,
2026-07-01,2026-07-31,"Aldi Taher",Unknown,inactive,121,reach,1074.38016529,30000,Daily,130,125,121,Ongoing,"7-day click or 1-day view",0,ABSOLUTE_OCPM,0,-,-,-,"Micro Targeting A+",0,,,,1.033058,0,,,
2026-07-01,2026-07-31,"Aldi Taher",Aceh,inactive,5816,reach,1516.50618982,30000,Daily,8820,6733,5816,Ongoing,"7-day click or 1-day view",0,ABSOLUTE_OCPM,0,-,-,-,"Micro Targeting A+",0.00034388,2,,,1.157669,0,2,,
2026-07-01,2026-07-31,"Aldi Taher",Bali,inactive,4904,reach,1467.16965742,30000,Daily,7195,5642,4904,Ongoing,"7-day click or 1-day view",0,ABSOLUTE_OCPM,0,-,-,-,"Micro Targeting A+",0.00020392,1,,,1.150489,0,1,,
2026-07-01,2026-07-31,"Aldi Taher",Bengkulu,inactive,4754,reach,1521.6659655,30000,Daily,7234,5403,4754,Ongoing,"7-day click or 1-day view",0,ABSOLUTE_OCPM,0,-,-,-,"Micro Targeting A+",0.00021035,4,,,1.136517,0,4,,
2026-07-01,2026-07-31,"Aldi Taher",Jakarta,inactive,4115,reach,1314.94532199,30000,Daily,5411,4358,4115,Ongoing,"7-day click or 1-day view",0,ABSOLUTE_OCPM,0,-,-,-,"Micro Targeting A+",0,,,,1.059052,0,,,
2026-07-01,2026-07-31,"Aldi Taher",Jambi,inactive,6502,reach,1468.16364196,30000,Daily,9546,7209,6502,Ongoing,"7-day click or 1-day view",0,ABSOLUTE_OCPM,0,-,-,-,"Micro Targeting A+",0.00076899,6,,,1.108736,0,6,,
2026-07-01,2026-07-31,"Aldi Taher","Central Java",inactive,29279,reach,1418.93507292,30000,Daily,41545,32952,29279,Ongoing,"7-day click or 1-day view",0,ABSOLUTE_OCPM,0,-,-,-,"Micro Targeting A+",0.00013662,4,,,1.125448,0,4,,
2026-07-01,2026-07-31,"Aldi Taher","East Java",inactive,27329,reach,1371.65648213,30000,Daily,37486,30047,27329,Ongoing,"7-day click or 1-day view",0,ABSOLUTE_OCPM,0,-,-,-,"Micro Targeting A+",0.00021955,10,2,0.006656,1.099455,0,10,,
2026-07-01,2026-07-31,"Aldi Taher","Papua (province)",inactive,3391,reach,1585.96284282,30000,Daily,5378,3968,3391,Ongoing,"7-day click or 1-day view",0,ABSOLUTE_OCPM,0,-,-,-,"Micro Targeting A+",0.0005898,2,,,1.170156,0,2,,
2026-07-01,2026-07-31,"Aldi Taher","Special Region of Yogyakarta",inactive,2820,reach,1331.91489362,30000,Daily,3756,3077,2820,Ongoing,"7-day click or 1-day view",0,ABSOLUTE_OCPM,0,-,-,-,"Micro Targeting A+",0,,,,1.091135,0,,,
2026-07-01,2026-07-31,"Aldi Taher","West Kalimantan",inactive,7234,reach,1505.80591651,30000,Daily,10893,8275,7234,Ongoing,"7-day click or 1-day view",0,ABSOLUTE_OCPM,0,-,-,-,"Micro Targeting A+",0.00027647,2,,,1.143904,0,2,,
2026-07-01,2026-07-31,"Aldi Taher","South Kalimantan",inactive,4975,reach,1498.09045226,30000,Daily,7453,5726,4975,Ongoing,"7-day click or 1-day view",0,ABSOLUTE_OCPM,0,-,-,-,"Micro Targeting A+",0.00040201,4,1,0.017464,1.150955,0,4,,
2026-07-01,2026-07-31,"Aldi Taher","Central Kalimantan",inactive,4748,reach,1464.40606571,30000,Daily,6953,5243,4748,Ongoing,"7-day click or 1-day view",0,ABSOLUTE_OCPM,0,-,-,-,"Micro Targeting A+",0.00105307,5,,,1.104254,0,5,,
2026-07-01,2026-07-31,"Aldi Taher","East Kalimantan",inactive,6960,reach,1479.59770115,30000,Daily,10298,7850,6960,Ongoing,"7-day click or 1-day view",0,ABSOLUTE_OCPM,0,-,-,-,"Micro Targeting A+",0.00014368,1,,,1.127874,0,1,,
2026-07-01,2026-07-31,"Aldi Taher",Lampung,inactive,9308,reach,1424.36613666,30000,Daily,13258,10291,9308,Ongoing,"7-day click or 1-day view",0,ABSOLUTE_OCPM,0,-,-,-,"Micro Targeting A+",0.00021487,2,,,1.105608,0,2,,
2026-07-01,2026-07-31,"Aldi Taher","West Nusa Tenggara",inactive,7125,reach,1531.78947368,30000,Daily,10914,8125,7125,Ongoing,"7-day click or 1-day view",0,ABSOLUTE_OCPM,0,-,-,-,"Micro Targeting A+",0.0002807,2,,,1.140351,0,2,,
2026-07-01,2026-07-31,"Aldi Taher","East Nusa Tenggara",inactive,5935,reach,1548.94692502,30000,Daily,9193,6827,5935,Ongoing,"7-day click or 1-day view",0,ABSOLUTE_OCPM,0,-,-,-,"Micro Targeting A+",0.00050548,5,,,1.150295,0,5,,
2026-07-01,2026-07-31,"Aldi Taher",Riau,inactive,10295,reach,1463.23457989,30000,Daily,15064,11376,10295,Ongoing,"7-day click or 1-day view",0,ABSOLUTE_OCPM,0,-,-,-,"Micro Targeting A+",9.713E-5,1,,,1.105002,0,1,,
2026-07-01,2026-07-31,"Aldi Taher","South Sulawesi",inactive,13588,reach,1493.15572564,30000,Daily,20289,15272,13588,Ongoing,"7-day click or 1-day view",0,ABSOLUTE_OCPM,0,-,-,-,"Micro Targeting A+",0.00058875,9,,,1.123933,0,9,,
2026-07-01,2026-07-31,"Aldi Taher","Central Sulawesi",inactive,5125,reach,1540.29268293,30000,Daily,7894,5955,5125,Ongoing,"7-day click or 1-day view",0,ABSOLUTE_OCPM,0,-,-,-,"Micro Targeting A+",0.00039024,2,,,1.161951,0,2,,
2026-07-01,2026-07-31,"Aldi Taher","Southeast Sulawesi",inactive,4526,reach,1515.68714096,30000,Daily,6860,5105,4526,Ongoing,"7-day click or 1-day view",0,ABSOLUTE_OCPM,0,-,-,-,"Micro Targeting A+",0,,,,1.127928,0,,,
2026-07-01,2026-07-31,"Aldi Taher","West Sumatra",inactive,9945,reach,1494.31875314,30000,Daily,14861,11169,9945,Ongoing,"7-day click or 1-day view",0,ABSOLUTE_OCPM,0,-,-,-,"Micro Targeting A+",0.00050277,5,,,1.123077,0,5,,
2026-07-01,2026-07-31,"Aldi Taher","North Sumatra",inactive,19338,reach,1473.83390216,30000,Daily,28501,21488,19338,Ongoing,"7-day click or 1-day view",0,ABSOLUTE_OCPM,0,-,-,-,"Micro Targeting A+",0.00067225,15,2,0.009308,1.11118,0,15,,
2026-07-01,2026-07-31,"Aldi Taher",Maluku,inactive,3171,reach,1574.89750867,30000,Daily,4994,3710,3171,Ongoing,"7-day click or 1-day view",0,ABSOLUTE_OCPM,0,-,-,-,"Micro Targeting A+",0.00094607,3,,,1.169978,0,3,,
2026-07-01,2026-07-31,"Aldi Taher","West Java",inactive,34103,reach,1419.49388617,30000,Daily,48409,38142,34103,Ongoing,"7-day click or 1-day view",0,ABSOLUTE_OCPM,0,-,-,-,"Micro Targeting A+",8.797E-5,6,1,0.002622,1.118435,0,6,,
2026-07-01,2026-07-31,"Aldi Taher","North Sulawesi",inactive,6586,reach,1516.24658366,30000,Daily,9986,7442,6586,Ongoing,"7-day click or 1-day view",0,ABSOLUTE_OCPM,0,-,-,-,"Micro Targeting A+",0.00045551,3,,,1.129973,0,3,,
2026-07-01,2026-07-31,"Aldi Taher","South Sumatra",inactive,11526,reach,1465.38261322,30000,Daily,16890,12636,11526,Ongoing,"7-day click or 1-day view",0,ABSOLUTE_OCPM,0,-,-,-,"Micro Targeting A+",0.00026028,6,1,0.007914,1.096304,0,6,,
2026-07-01,2026-07-31,"Aldi Taher","North Maluku",inactive,2657,reach,1571.32103877,30000,Daily,4175,3127,2657,Ongoing,"7-day click or 1-day view",0,ABSOLUTE_OCPM,0,-,-,-,"Micro Targeting A+",0.00037636,1,,,1.176891,0,1,,
2026-07-01,2026-07-31,"Aldi Taher","North Kalimantan",inactive,1333,reach,1477.86946737,30000,Daily,1970,1511,1333,Ongoing,"7-day click or 1-day view",0,ABSOLUTE_OCPM,0,-,-,-,"Micro Targeting A+",0.00075019,1,,,1.133533,0,1,,
2026-07-01,2026-07-31,"Aldi Taher","West Papua",inactive,1857,reach,1555.19655358,30000,Daily,2888,2136,1857,Ongoing,"7-day click or 1-day view",0,ABSOLUTE_OCPM,0,-,-,-,"Micro Targeting A+",0.00107701,2,,,1.150242,0,2,,
2026-07-01,2026-07-31,"Aldi Taher","West Sulawesi",inactive,3919,reach,1585.86374075,30000,Daily,6215,4593,3919,Ongoing,"7-day click or 1-day view",0,ABSOLUTE_OCPM,0,-,-,-,"Micro Targeting A+",0.00102067,4,,,1.171983,0,4,,
2026-07-01,2026-07-31,"Aldi Taher",Gorontalo,inactive,2989,reach,1525.25928404,30000,Daily,4559,3389,2989,Ongoing,"7-day click or 1-day view",0,ABSOLUTE_OCPM,0,-,-,-,"Micro Targeting A+",0.00033456,1,,,1.133824,0,1,,
2026-07-01,2026-07-31,"Aldi Taher",Banten,inactive,6383,reach,1338.86887044,30000,Daily,8546,6959,6383,Ongoing,"7-day click or 1-day view",0,ABSOLUTE_OCPM,0,-,-,-,"Micro Targeting A+",0,,,,1.09024,0,,,
2026-07-01,2026-07-31,"Aldi Taher","Bangka–Belitung Islands",inactive,2890,reach,1461.93771626,30000,Daily,4225,3256,2890,Ongoing,"7-day click or 1-day view",0,ABSOLUTE_OCPM,0,-,-,-,"Micro Targeting A+",0.00034602,1,,,1.126644,0,1,,
2026-07-01,2026-07-31,"Aldi Taher","Riau Islands Province",inactive,3564,reach,1480.63973064,30000,Daily,5277,4059,3564,Ongoing,"7-day click or 1-day view",0,ABSOLUTE_OCPM,0,-,-,-,"Micro Targeting A+",0.00028058,2,1,0.024637,1.138889,0,2,,
2026-07-01,2026-07-31,"Aldi Taher",Unknown,inactive,,,,30000,Daily,25,1,1,Ongoing,"7-day click or 1-day view",60,ABSOLUTE_OCPM,0,-,-,-,"Micro Targeting A+",0,,,,1,0,,,
2026-07-01,2026-07-31,"Aldi Taher",Aceh,inactive,,,,30000,Daily,44,5,5,Ongoing,"7-day click or 1-day view",60,ABSOLUTE_OCPM,0,-,-,-,"Micro Targeting A+",0,,,,1,0,,,
2026-07-01,2026-07-31,"Aldi Taher",Bali,inactive,3,actions:post_interaction_gross,33.66666667,30000,Daily,101,3,3,Ongoing,"7-day click or 1-day view",60,ABSOLUTE_OCPM,0,-,-,-,"Micro Targeting A+",1,3,,,1,0,3,,
2026-07-01,2026-07-31,"Aldi Taher",Bengkulu,inactive,1,actions:post_interaction_gross,54,30000,Daily,54,1,1,Ongoing,"7-day click or 1-day view",60,ABSOLUTE_OCPM,0,-,-,-,"Micro Targeting A+",1,1,,,1,0,1,,
2026-07-01,2026-07-31,"Aldi Taher",Jakarta,inactive,16,actions:post_interaction_gross,66.1875,30000,Daily,1059,74,66,Ongoing,"7-day click or 1-day view",60,ABSOLUTE_OCPM,0,-,-,-,"Micro Targeting A+",0.21212121,16,,,1.121212,0,16,,
2026-07-01,2026-07-31,"Aldi Taher",Jambi,inactive,1,actions:post_interaction_gross,30,30000,Daily,30,2,2,Ongoing,"7-day click or 1-day view",60,ABSOLUTE_OCPM,0,-,-,-,"Micro Targeting A+",0.5,1,,,1,0,1,,
2026-07-01,2026-07-31,"Aldi Taher","Central Java",inactive,6,actions:post_interaction_gross,81,30000,Daily,486,29,26,Ongoing,"7-day click or 1-day view",60,ABSOLUTE_OCPM,0,-,-,-,"Micro Targeting A+",0.19230769,6,,,1.115385,0,6,,
2026-07-01,2026-07-31,"Aldi Taher","East Java",inactive,4,actions:post_interaction_gross,53.25,30000,Daily,213,16,16,Ongoing,"7-day click or 1-day view",60,ABSOLUTE_OCPM,0,-,-,-,"Micro Targeting A+",0.25,4,,,1,0,4,,
2026-07-01,2026-07-31,"Aldi Taher","Special Region of Yogyakarta",inactive,1,actions:post_interaction_gross,159,30000,Daily,159,12,8,Ongoing,"7-day click or 1-day view",60,ABSOLUTE_OCPM,0,-,-,-,"Micro Targeting A+",0.125,1,,,1.5,0,1,,
2026-07-01,2026-07-31,"Aldi Taher","West Kalimantan",inactive,,,,30000,Daily,71,4,2,Ongoing,"7-day click or 1-day view",60,ABSOLUTE_OCPM,0,-,-,-,"Micro Targeting A+",0,,,,2,0,,,
2026-07-01,2026-07-31,"Aldi Taher","South Kalimantan",inactive,3,actions:post_interaction_gross,32,30000,Daily,96,8,8,Ongoing,"7-day click or 1-day view",60,ABSOLUTE_OCPM,0,-,-,-,"Micro Targeting A+",0.25,3,,,1,0,3,,
2026-07-01,2026-07-31,"Aldi Taher","Central Kalimantan",inactive,1,actions:post_interaction_gross,84,30000,Daily,84,4,4,Ongoing,"7-day click or 1-day view",60,ABSOLUTE_OCPM,0,-,-,-,"Micro Targeting A+",0.25,1,,,1,0,1,,
2026-07-01,2026-07-31,"Aldi Taher","East Kalimantan",inactive,4,actions:post_interaction_gross,63.25,30000,Daily,253,6,6,Ongoing,"7-day click or 1-day view",60,ABSOLUTE_OCPM,0,-,-,-,"Micro Targeting A+",0.66666667,4,,,1,0,4,,
2026-07-01,2026-07-31,"Aldi Taher",Lampung,inactive,2,actions:post_interaction_gross,60,30000,Daily,120,8,6,Ongoing,"7-day click or 1-day view",60,ABSOLUTE_OCPM,0,-,-,-,"Micro Targeting A+",0.33333333,2,,,1.333333,0,2,,
2026-07-01,2026-07-31,"Aldi Taher","West Nusa Tenggara",inactive,2,actions:post_interaction_gross,97,30000,Daily,194,8,6,Ongoing,"7-day click or 1-day view",60,ABSOLUTE_OCPM,0,-,-,-,"Micro Targeting A+",0.33333333,2,,,1.333333,0,2,,
2026-07-01,2026-07-31,"Aldi Taher","East Nusa Tenggara",inactive,,,,30000,Daily,27,4,4,Ongoing,"7-day click or 1-day view",60,ABSOLUTE_OCPM,0,-,-,-,"Micro Targeting A+",0,,,,1,0,,,
2026-07-01,2026-07-31,"Aldi Taher",Riau,inactive,3,actions:post_interaction_gross,84.33333333,30000,Daily,253,7,7,Ongoing,"7-day click or 1-day view",60,ABSOLUTE_OCPM,0,-,-,-,"Micro Targeting A+",0.42857143,3,,,1,0,3,,
2026-07-01,2026-07-31,"Aldi Taher","South Sulawesi",inactive,2,actions:post_interaction_gross,64.5,30000,Daily,129,7,7,Ongoing,"7-day click or 1-day view",60,ABSOLUTE_OCPM,0,-,-,-,"Micro Targeting A+",0.28571429,2,,,1,0,2,,
2026-07-01,2026-07-31,"Aldi Taher","Central Sulawesi",inactive,1,actions:post_interaction_gross,23,30000,Daily,23,1,1,Ongoing,"7-day click or 1-day view",60,ABSOLUTE_OCPM,0,-,-,-,"Micro Targeting A+",1,1,,,1,0,1,,
2026-07-01,2026-07-31,"Aldi Taher","Southeast Sulawesi",inactive,2,actions:post_interaction_gross,35.5,30000,Daily,71,2,2,Ongoing,"7-day click or 1-day view",60,ABSOLUTE_OCPM,0,-,-,-,"Micro Targeting A+",1,2,,,1,0,2,,
2026-07-01,2026-07-31,"Aldi Taher","West Sumatra",inactive,1,actions:post_interaction_gross,30,30000,Daily,30,3,3,Ongoing,"7-day click or 1-day view",60,ABSOLUTE_OCPM,0,-,-,-,"Micro Targeting A+",0.33333333,1,,,1,0,1,,
2026-07-01,2026-07-31,"Aldi Taher","North Sumatra",inactive,2,actions:post_interaction_gross,103,30000,Daily,206,12,11,Ongoing,"7-day click or 1-day view",60,ABSOLUTE_OCPM,0,-,-,-,"Micro Targeting A+",0.18181818,2,,,1.090909,0,2,,
2026-07-01,2026-07-31,"Aldi Taher",Maluku,inactive,1,actions:post_interaction_gross,50,30000,Daily,50,1,1,Ongoing,"7-day click or 1-day view",60,ABSOLUTE_OCPM,0,-,-,-,"Micro Targeting A+",1,1,,,1,0,1,,
2026-07-01,2026-07-31,"Aldi Taher","West Java",inactive,26,actions:post_interaction_gross,70.34615385,30000,Daily,1829,110,93,Ongoing,"7-day click or 1-day view",60,ABSOLUTE_OCPM,0,-,-,-,"Micro Targeting A+",0.2688172,26,,,1.182796,0,26,,
2026-07-01,2026-07-31,"Aldi Taher","North Sulawesi",inactive,2,actions:post_interaction_gross,17.5,30000,Daily,35,2,2,Ongoing,"7-day click or 1-day view",60,ABSOLUTE_OCPM,0,-,-,-,"Micro Targeting A+",1,2,,,1,0,2,,
2026-07-01,2026-07-31,"Aldi Taher","South Sumatra",inactive,3,actions:post_interaction_gross,77,30000,Daily,231,12,10,Ongoing,"7-day click or 1-day view",60,ABSOLUTE_OCPM,0,-,-,-,"Micro Targeting A+",0.3,3,,,1.2,0,3,,
2026-07-01,2026-07-31,"Aldi Taher","North Maluku",inactive,1,actions:post_interaction_gross,58,30000,Daily,58,1,1,Ongoing,"7-day click or 1-day view",60,ABSOLUTE_OCPM,0,-,-,-,"Micro Targeting A+",1,1,,,1,0,1,,
2026-07-01,2026-07-31,"Aldi Taher","North Kalimantan",inactive,1,actions:post_interaction_gross,83,30000,Daily,83,2,1,Ongoing,"7-day click or 1-day view",60,ABSOLUTE_OCPM,0,-,-,-,"Micro Targeting A+",1,1,,,2,0,1,,
2026-07-01,2026-07-31,"Aldi Taher","West Papua",inactive,,,,30000,Daily,0,1,1,Ongoing,"7-day click or 1-day view",60,ABSOLUTE_OCPM,0,-,-,-,"Micro Targeting A+",0,,,,1,0,,,
2026-07-01,2026-07-31,"Aldi Taher","West Sulawesi",inactive,,,,30000,Daily,50,4,2,Ongoing,"7-day click or 1-day view",60,ABSOLUTE_OCPM,0,-,-,-,"Micro Targeting A+",0,,,,2,0,,,
2026-07-01,2026-07-31,"Aldi Taher",Gorontalo,inactive,1,actions:post_interaction_gross,112,30000,Daily,112,4,1,Ongoing,"7-day click or 1-day view",60,ABSOLUTE_OCPM,0,-,-,-,"Micro Targeting A+",1,1,,,4,0,1,,
2026-07-01,2026-07-31,"Aldi Taher",Banten,inactive,4,actions:post_interaction_gross,122.75,30000,Daily,491,28,27,Ongoing,"7-day click or 1-day view",60,ABSOLUTE_OCPM,0,-,-,-,"Micro Targeting A+",0.14814815,4,,,1.037037,0,4,,
2026-07-01,2026-07-31,"Aldi Taher","Bangka–Belitung Islands",inactive,1,actions:post_interaction_gross,43,30000,Daily,43,5,3,Ongoing,"7-day click or 1-day view",60,ABSOLUTE_OCPM,0,-,-,-,"Micro Targeting A+",0.33333333,1,,,1.666667,0,1,,
2026-07-01,2026-07-31,"Aldi Taher","Riau Islands Province",inactive,3,actions:post_interaction_gross,27,30000,Daily,81,5,3,Ongoing,"7-day click or 1-day view",60,ABSOLUTE_OCPM,0,-,-,-,"Micro Targeting A+",1,3,,,1.666667,0,3,,
2026-07-01,2026-07-31,"Dengar Notif WhatsApp",Unknown,not_delivering,34,reach,1529.41176471,50000,Daily,52,35,34,Ongoing,"7-day click or 1-day view",0,ABSOLUTE_OCPM,2026-07-24T11:29:11+0700,-,-,-,"Micro Targeting A+",0,,,,1.029412,0,,,
2026-07-01,2026-07-31,"Dengar Notif WhatsApp",Aceh,not_delivering,1374,reach,1762.73653566,50000,Daily,2422,1628,1374,Ongoing,"7-day click or 1-day view",0,ABSOLUTE_OCPM,2026-07-24T11:29:11+0700,-,-,-,"Micro Targeting A+",0,98,,,1.184862,0,98,,
2026-07-01,2026-07-31,"Dengar Notif WhatsApp",Bali,not_delivering,222,reach,1617.11711712,50000,Daily,359,244,222,Ongoing,"7-day click or 1-day view",0,ABSOLUTE_OCPM,2026-07-24T11:29:11+0700,-,-,-,"Micro Targeting A+",0,15,,,1.099099,0,15,,
2026-07-01,2026-07-31,"Dengar Notif WhatsApp",Bengkulu,not_delivering,349,reach,1716.33237822,50000,Daily,599,411,349,Ongoing,"7-day click or 1-day view",0,ABSOLUTE_OCPM,2026-07-24T11:29:11+0700,-,-,-,"Micro Targeting A+",0,19,,,1.17765,0,19,,
2026-07-01,2026-07-31,"Dengar Notif WhatsApp",Jakarta,not_delivering,548,reach,1609.48905109,50000,Daily,882,587,548,Ongoing,"7-day click or 1-day view",0,ABSOLUTE_OCPM,2026-07-24T11:29:11+0700,-,-,-,"Micro Targeting A+",0,52,,,1.071168,0,52,,
2026-07-01,2026-07-31,"Dengar Notif WhatsApp",Jambi,not_delivering,631,reach,1668.77971474,50000,Daily,1053,708,631,Ongoing,"7-day click or 1-day view",0,ABSOLUTE_OCPM,2026-07-24T11:29:11+0700,-,-,-,"Micro Targeting A+",0,40,,,1.122029,0,40,,
2026-07-01,2026-07-31,"Dengar Notif WhatsApp","Central Java",not_delivering,3721,reach,1670.51867777,50000,Daily,6216,4219,3721,Ongoing,"7-day click or 1-day view",0,ABSOLUTE_OCPM,2026-07-24T11:29:11+0700,-,-,-,"Micro Targeting A+",0.00080623,243,,,1.133835,0,243,,
2026-07-01,2026-07-31,"Dengar Notif WhatsApp","East Java",not_delivering,2725,reach,1659.81651376,50000,Daily,4523,3076,2725,Ongoing,"7-day click or 1-day view",0,ABSOLUTE_OCPM,2026-07-24T11:29:11+0700,-,-,-,"Micro Targeting A+",0,163,,,1.128807,0,163,,
2026-07-01,2026-07-31,"Dengar Notif WhatsApp","Papua (province)",not_delivering,443,reach,1677.20090293,50000,Daily,743,505,443,Ongoing,"7-day click or 1-day view",0,ABSOLUTE_OCPM,2026-07-24T11:29:11+0700,-,-,-,"Micro Targeting A+",0,17,,,1.139955,0,17,,
2026-07-01,2026-07-31,"Dengar Notif WhatsApp","Special Region of Yogyakarta",not_delivering,489,reach,1656.44171779,50000,Daily,810,568,489,Ongoing,"7-day click or 1-day view",0,ABSOLUTE_OCPM,2026-07-24T11:29:11+0700,-,-,-,"Micro Targeting A+",0,27,,,1.161554,0,27,,
2026-07-01,2026-07-31,"Dengar Notif WhatsApp","West Kalimantan",not_delivering,825,reach,1660.60606061,50000,Daily,1370,932,825,Ongoing,"7-day click or 1-day view",0,ABSOLUTE_OCPM,2026-07-24T11:29:11+0700,-,-,-,"Micro Targeting A+",0,44,,,1.129697,0,44,,
2026-07-01,2026-07-31,"Dengar Notif WhatsApp","South Kalimantan",not_delivering,800,reach,1668.75,50000,Daily,1335,899,800,Ongoing,"7-day click or 1-day view",0,ABSOLUTE_OCPM,2026-07-24T11:29:11+0700,-,-,-,"Micro Targeting A+",0,56,,,1.12375,0,56,,
2026-07-01,2026-07-31,"Dengar Notif WhatsApp","Central Kalimantan",not_delivering,428,reach,1651.86915888,50000,Daily,707,477,428,Ongoing,"7-day click or 1-day view",0,ABSOLUTE_OCPM,2026-07-24T11:29:11+0700,-,-,-,"Micro Targeting A+",0.00233645,30,,,1.114486,0,30,,
2026-07-01,2026-07-31,"Dengar Notif WhatsApp","East Kalimantan",not_delivering,1029,reach,1703.595724,50000,Daily,1753,1188,1029,Ongoing,"7-day click or 1-day view",0,ABSOLUTE_OCPM,2026-07-24T11:29:11+0700,-,-,-,"Micro Targeting A+",0,67,,,1.154519,0,67,,
2026-07-01,2026-07-31,"Dengar Notif WhatsApp",Lampung,not_delivering,834,reach,1733.81294964,50000,Daily,1446,971,834,Ongoing,"7-day click or 1-day view",0,ABSOLUTE_OCPM,2026-07-24T11:29:11+0700,-,-,-,"Micro Targeting A+",0,47,,,1.164269,0,47,,
2026-07-01,2026-07-31,"Dengar Notif WhatsApp","West Nusa Tenggara",not_delivering,463,reach,1693.30453564,50000,Daily,784,521,463,Ongoing,"7-day click or 1-day view",0,ABSOLUTE_OCPM,2026-07-24T11:29:11+0700,-,-,-,"Micro Targeting A+",0,33,,,1.12527,0,33,,
2026-07-01,2026-07-31,"Dengar Notif WhatsApp","East Nusa Tenggara",not_delivering,525,reach,1620.95238095,50000,Daily,851,578,525,Ongoing,"7-day click or 1-day view",0,ABSOLUTE_OCPM,2026-07-24T11:29:11+0700,-,-,-,"Micro Targeting A+",0,29,,,1.100952,0,29,,
2026-07-01,2026-07-31,"Dengar Notif WhatsApp",Riau,not_delivering,1243,reach,1654.86725664,50000,Daily,2057,1391,1243,Ongoing,"7-day click or 1-day view",0,ABSOLUTE_OCPM,2026-07-24T11:29:11+0700,-,-,-,"Micro Targeting A+",0.00080451,72,,,1.119067,0,72,,
2026-07-01,2026-07-31,"Dengar Notif WhatsApp","South Sulawesi",not_delivering,1448,reach,1705.80110497,50000,Daily,2470,1667,1448,Ongoing,"7-day click or 1-day view",0,ABSOLUTE_OCPM,2026-07-24T11:29:11+0700,-,-,-,"Micro Targeting A+",0,57,,,1.151243,0,57,,
2026-07-01,2026-07-31,"Dengar Notif WhatsApp","Central Sulawesi",not_delivering,480,reach,1706.25,50000,Daily,819,549,480,Ongoing,"7-day click or 1-day view",0,ABSOLUTE_OCPM,2026-07-24T11:29:11+0700,-,-,-,"Micro Targeting A+",0,15,,,1.14375,0,15,,
2026-07-01,2026-07-31,"Dengar Notif WhatsApp","Southeast Sulawesi",not_delivering,436,reach,1688.0733945,50000,Daily,736,488,436,Ongoing,"7-day click or 1-day view",0,ABSOLUTE_OCPM,2026-07-24T11:29:11+0700,-,-,-,"Micro Targeting A+",0,22,,,1.119266,0,22,,
2026-07-01,2026-07-31,"Dengar Notif WhatsApp","West Sumatra",not_delivering,1434,reach,1704.32357043,50000,Daily,2444,1661,1434,Ongoing,"7-day click or 1-day view",0,ABSOLUTE_OCPM,2026-07-24T11:29:11+0700,-,-,-,"Micro Targeting A+",0.00069735,107,,,1.158298,0,107,,
2026-07-01,2026-07-31,"Dengar Notif WhatsApp","North Sumatra",not_delivering,1825,reach,1747.39726027,50000,Daily,3189,2145,1825,Ongoing,"7-day click or 1-day view",0,ABSOLUTE_OCPM,2026-07-24T11:29:11+0700,-,-,-,"Micro Targeting A+",0,100,,,1.175342,0,100,,
2026-07-01,2026-07-31,"Dengar Notif WhatsApp",Maluku,not_delivering,237,reach,1767.93248945,50000,Daily,419,276,237,Ongoing,"7-day click or 1-day view",0,ABSOLUTE_OCPM,2026-07-24T11:29:11+0700,-,-,-,"Micro Targeting A+",0,8,,,1.164557,0,8,,
2026-07-01,2026-07-31,"Dengar Notif WhatsApp","West Java",not_delivering,4076,reach,1655.29931305,50000,Daily,6747,4580,4076,Ongoing,"7-day click or 1-day view",0,ABSOLUTE_OCPM,2026-07-24T11:29:11+0700,-,-,-,"Micro Targeting A+",0.00049068,256,,,1.123651,0,256,,
2026-07-01,2026-07-31,"Dengar Notif WhatsApp","North Sulawesi",not_delivering,197,reach,1619.2893401,50000,Daily,319,224,197,Ongoing,"7-day click or 1-day view",0,ABSOLUTE_OCPM,2026-07-24T11:29:11+0700,-,-,-,"Micro Targeting A+",0,8,,,1.137056,0,8,,
2026-07-01,2026-07-31,"Dengar Notif WhatsApp","South Sumatra",not_delivering,801,reach,1762.79650437,50000,Daily,1412,950,801,Ongoing,"7-day click or 1-day view",0,ABSOLUTE_OCPM,2026-07-24T11:29:11+0700,-,-,-,"Micro Targeting A+",0,55,,,1.186017,0,55,,
2026-07-01,2026-07-31,"Dengar Notif WhatsApp","North Maluku",not_delivering,185,reach,1627.02702703,50000,Daily,301,210,185,Ongoing,"7-day click or 1-day view",0,ABSOLUTE_OCPM,2026-07-24T11:29:11+0700,-,-,-,"Micro Targeting A+",0,9,,,1.135135,0,9,,
2026-07-01,2026-07-31,"Dengar Notif WhatsApp","North Kalimantan",not_delivering,238,reach,1663.86554622,50000,Daily,396,266,238,Ongoing,"7-day click or 1-day view",0,ABSOLUTE_OCPM,2026-07-24T11:29:11+0700,-,-,-,"Micro Targeting A+",0,18,,,1.117647,0,18,,
2026-07-01,2026-07-31,"Dengar Notif WhatsApp","West Papua",not_delivering,220,reach,1668.18181818,50000,Daily,367,244,220,Ongoing,"7-day click or 1-day view",0,ABSOLUTE_OCPM,2026-07-24T11:29:11+0700,-,-,-,"Micro Targeting A+",0,15,,,1.109091,0,15,,
2026-07-01,2026-07-31,"Dengar Notif WhatsApp","West Sulawesi",not_delivering,170,reach,1700,50000,Daily,289,190,170,Ongoing,"7-day click or 1-day view",0,ABSOLUTE_OCPM,2026-07-24T11:29:11+0700,-,-,-,"Micro Targeting A+",0,12,,,1.117647,0,12,,
2026-07-01,2026-07-31,"Dengar Notif WhatsApp",Gorontalo,not_delivering,125,reach,1688,50000,Daily,211,142,125,Ongoing,"7-day click or 1-day view",0,ABSOLUTE_OCPM,2026-07-24T11:29:11+0700,-,-,-,"Micro Targeting A+",0,4,,,1.136,0,4,,
2026-07-01,2026-07-31,"Dengar Notif WhatsApp",Banten,not_delivering,814,reach,1633.90663391,50000,Daily,1330,902,814,Ongoing,"7-day click or 1-day view",0,ABSOLUTE_OCPM,2026-07-24T11:29:11+0700,-,-,-,"Micro Targeting A+",0,55,,,1.108108,0,55,,
2026-07-01,2026-07-31,"Dengar Notif WhatsApp","Bangka–Belitung Islands",not_delivering,199,reach,1763.81909548,50000,Daily,351,233,199,Ongoing,"7-day click or 1-day view",0,ABSOLUTE_OCPM,2026-07-24T11:29:11+0700,-,-,-,"Micro Targeting A+",0,18,,,1.170854,0,18,,
2026-07-01,2026-07-31,"Dengar Notif WhatsApp","Riau Islands Province",not_delivering,534,reach,1857.67790262,50000,Daily,992,666,534,Ongoing,"7-day click or 1-day view",0,ABSOLUTE_OCPM,2026-07-24T11:29:11+0700,-,-,-,"Micro Targeting A+",0,30,,,1.247191,0,30,,
2026-07-01,2026-07-31,"Mau Healing",Unknown,not_delivering,134,reach,1664.17910448,50000,Daily,223,149,134,Ongoing,"7-day click or 1-day view",0,ABSOLUTE_OCPM,2026-07-24T11:29:11+0700,-,-,-,"Micro Targeting A+",0,6,,,1.11194,0,6,,
2026-07-01,2026-07-31,"Mau Healing",Aceh,not_delivering,6632,reach,2082.32810615,50000,Daily,13810,9438,6632,Ongoing,"7-day click or 1-day view",0,ABSOLUTE_OCPM,2026-07-24T11:29:11+0700,-,-,-,"Micro Targeting A+",0.00015078,377,,,1.4231,0,377,,
2026-07-01,2026-07-31,"Mau Healing",Bali,not_delivering,1424,reach,1900.28089888,50000,Daily,2706,1831,1424,Ongoing,"7-day click or 1-day view",0,ABSOLUTE_OCPM,2026-07-24T11:29:11+0700,-,-,-,"Micro Targeting A+",0,107,,,1.285815,0,107,,
2026-07-01,2026-07-31,"Mau Healing",Bengkulu,not_delivering,1938,reach,2089.26728586,50000,Daily,4049,2746,1938,Ongoing,"7-day click or 1-day view",0,ABSOLUTE_OCPM,2026-07-24T11:29:11+0700,-,-,-,"Micro Targeting A+",0,93,,,1.416925,0,93,,
2026-07-01,2026-07-31,"Mau Healing",Jakarta,not_delivering,3284,reach,1954.01948843,50000,Daily,6417,4395,3284,Ongoing,"7-day click or 1-day view",0,ABSOLUTE_OCPM,2026-07-24T11:29:11+0700,-,-,-,"Micro Targeting A+",0.00030451,229,,,1.338307,0,229,,
2026-07-01,2026-07-31,"Mau Healing",Jambi,not_delivering,3631,reach,2067.74993115,50000,Daily,7508,5113,3631,Ongoing,"7-day click or 1-day view",0,ABSOLUTE_OCPM,2026-07-24T11:29:11+0700,-,-,-,"Micro Targeting A+",0,222,,,1.408152,0,222,,
2026-07-01,2026-07-31,"Mau Healing","Central Java",not_delivering,22916,reach,2029.10630127,50000,Daily,46499,31714,22916,Ongoing,"7-day click or 1-day view",0,ABSOLUTE_OCPM,2026-07-24T11:29:11+0700,-,-,-,"Micro Targeting A+",0.00017455,1357,,,1.383924,0,1357,,
2026-07-01,2026-07-31,"Mau Healing","East Java",not_delivering,16401,reach,2034.99786598,50000,Daily,33376,22817,16401,Ongoing,"7-day click or 1-day view",0,ABSOLUTE_OCPM,2026-07-24T11:29:11+0700,-,-,-,"Micro Targeting A+",0.00024389,1041,,,1.391196,0,1041,,
2026-07-01,2026-07-31,"Mau Healing","Papua (province)",not_delivering,2334,reach,2209.08311911,50000,Daily,5156,3487,2334,Ongoing,"7-day click or 1-day view",0,ABSOLUTE_OCPM,2026-07-24T11:29:11+0700,-,-,-,"Micro Targeting A+",0.00042845,105,,,1.494002,0,105,,
2026-07-01,2026-07-31,"Mau Healing","Special Region of Yogyakarta",not_delivering,3506,reach,2022.24757558,50000,Daily,7090,4835,3506,Ongoing,"7-day click or 1-day view",0,ABSOLUTE_OCPM,2026-07-24T11:29:11+0700,-,-,-,"Micro Targeting A+",0.00028523,209,,,1.379064,0,209,,
2026-07-01,2026-07-31,"Mau Healing","West Kalimantan",not_delivering,4658,reach,2074.49549163,50000,Daily,9663,6572,4658,Ongoing,"7-day click or 1-day view",0,ABSOLUTE_OCPM,2026-07-24T11:29:11+0700,-,-,-,"Micro Targeting A+",0.00042937,275,,,1.410906,0,275,,
2026-07-01,2026-07-31,"Mau Healing","South Kalimantan",not_delivering,4585,reach,2058.01526718,50000,Daily,9436,6485,4585,Ongoing,"7-day click or 1-day view",0,ABSOLUTE_OCPM,2026-07-24T11:29:11+0700,-,-,-,"Micro Targeting A+",0.0002181,246,,,1.414395,0,246,,
2026-07-01,2026-07-31,"Mau Healing","Central Kalimantan",not_delivering,2317,reach,2099.26629262,50000,Daily,4864,3330,2317,Ongoing,"7-day click or 1-day view",0,ABSOLUTE_OCPM,2026-07-24T11:29:11+0700,-,-,-,"Micro Targeting A+",0.00043159,121,,,1.437203,0,121,,
2026-07-01,2026-07-31,"Mau Healing","East Kalimantan",not_delivering,6482,reach,2118.17340327,50000,Daily,13730,9363,6482,Ongoing,"7-day click or 1-day view",0,ABSOLUTE_OCPM,2026-07-24T11:29:11+0700,-,-,-,"Micro Targeting A+",0.00030855,372,,,1.444462,0,372,,
2026-07-01,2026-07-31,"Mau Healing",Lampung,not_delivering,4968,reach,2103.46215781,50000,Daily,10450,7120,4968,Ongoing,"7-day click or 1-day view",0,ABSOLUTE_OCPM,2026-07-24T11:29:11+0700,-,-,-,"Micro Targeting A+",0.00040258,307,,,1.433172,0,307,,
2026-07-01,2026-07-31,"Mau Healing","West Nusa Tenggara",not_delivering,2590,reach,2022.00772201,50000,Daily,5237,3544,2590,Ongoing,"7-day click or 1-day view",0,ABSOLUTE_OCPM,2026-07-24T11:29:11+0700,-,-,-,"Micro Targeting A+",0,147,,,1.36834,0,147,,
2026-07-01,2026-07-31,"Mau Healing","East Nusa Tenggara",not_delivering,2770,reach,2080.14440433,50000,Daily,5762,3915,2770,Ongoing,"7-day click or 1-day view",0,ABSOLUTE_OCPM,2026-07-24T11:29:11+0700,-,-,-,"Micro Targeting A+",0.00036101,119,,,1.413357,0,119,,
2026-07-01,2026-07-31,"Mau Healing",Riau,not_delivering,6661,reach,2039.0331782,50000,Daily,13582,9234,6661,Ongoing,"7-day click or 1-day view",0,ABSOLUTE_OCPM,2026-07-24T11:29:11+0700,-,-,-,"Micro Targeting A+",0.00060051,322,,,1.386278,0,322,,
2026-07-01,2026-07-31,"Mau Healing","South Sulawesi",not_delivering,7548,reach,2079.35877054,50000,Daily,15695,10639,7548,Ongoing,"7-day click or 1-day view",0,ABSOLUTE_OCPM,2026-07-24T11:29:11+0700,-,-,-,"Micro Targeting A+",0,318,,,1.409512,0,318,,
2026-07-01,2026-07-31,"Mau Healing","Central Sulawesi",not_delivering,2887,reach,2022.51472116,50000,Daily,5839,4011,2887,Ongoing,"7-day click or 1-day view",0,ABSOLUTE_OCPM,2026-07-24T11:29:11+0700,-,-,-,"Micro Targeting A+",0,142,,,1.389331,0,142,,
2026-07-01,2026-07-31,"Mau Healing","Southeast Sulawesi",not_delivering,2313,reach,2101.16731518,50000,Daily,4860,3298,2313,Ongoing,"7-day click or 1-day view",0,ABSOLUTE_OCPM,2026-07-24T11:29:11+0700,-,-,-,"Micro Targeting A+",0.00043234,116,,,1.425854,0,116,,
2026-07-01,2026-07-31,"Mau Healing","West Sumatra",not_delivering,8474,reach,2075.64314373,50000,Daily,17589,12028,8474,Ongoing,"7-day click or 1-day view",0,ABSOLUTE_OCPM,2026-07-24T11:29:11+0700,-,-,-,"Micro Targeting A+",0,525,,,1.419401,0,525,,
2026-07-01,2026-07-31,"Mau Healing","North Sumatra",not_delivering,10412,reach,2073.08874376,50000,Daily,21585,14732,10412,Ongoing,"7-day click or 1-day view",0,ABSOLUTE_OCPM,2026-07-24T11:29:11+0700,-,-,-,"Micro Targeting A+",0.00038417,545,,,1.414906,0,545,,
2026-07-01,2026-07-31,"Mau Healing",Maluku,not_delivering,1510,reach,1985.43046358,50000,Daily,2998,2084,1510,Ongoing,"7-day click or 1-day view",0,ABSOLUTE_OCPM,2026-07-24T11:29:11+0700,-,-,-,"Micro Targeting A+",0,55,,,1.380132,0,55,,
2026-07-01,2026-07-31,"Mau Healing","West Java",not_delivering,29726,reach,2043.36271278,50000,Daily,60741,41307,29726,Ongoing,"7-day click or 1-day view",0,ABSOLUTE_OCPM,2026-07-24T11:29:11+0700,-,-,-,"Micro Targeting A+",0.00040369,1660,,,1.389592,0,1660,,
2026-07-01,2026-07-31,"Mau Healing","North Sulawesi",not_delivering,1294,reach,1996.90880989,50000,Daily,2584,1752,1294,Ongoing,"7-day click or 1-day view",0,ABSOLUTE_OCPM,2026-07-24T11:29:11+0700,-,-,-,"Micro Targeting A+",0,66,,,1.353941,0,66,,
2026-07-01,2026-07-31,"Mau Healing","South Sumatra",not_delivering,4829,reach,2018.43031684,50000,Daily,9747,6596,4829,Ongoing,"7-day click or 1-day view",0,ABSOLUTE_OCPM,2026-07-24T11:29:11+0700,-,-,-,"Micro Targeting A+",0,295,,,1.365914,0,295,,
2026-07-01,2026-07-31,"Mau Healing","North Maluku",not_delivering,943,reach,2077.41251326,50000,Daily,1959,1341,943,Ongoing,"7-day click or 1-day view",0,ABSOLUTE_OCPM,2026-07-24T11:29:11+0700,-,-,-,"Micro Targeting A+",0.00106045,45,,,1.422057,0,45,,
2026-07-01,2026-07-31,"Mau Healing","North Kalimantan",not_delivering,1290,reach,2091.47286822,50000,Daily,2698,1867,1290,Ongoing,"7-day click or 1-day view",0,ABSOLUTE_OCPM,2026-07-24T11:29:11+0700,-,-,-,"Micro Targeting A+",0.00077519,66,,,1.447287,0,66,,
2026-07-01,2026-07-31,"Mau Healing","West Papua",not_delivering,1448,reach,2058.70165746,50000,Daily,2981,2007,1448,Ongoing,"7-day click or 1-day view",0,ABSOLUTE_OCPM,2026-07-24T11:29:11+0700,-,-,-,"Micro Targeting A+",0,59,,,1.38605,0,59,,
2026-07-01,2026-07-31,"Mau Healing","West Sulawesi",not_delivering,875,reach,2009.14285714,50000,Daily,1758,1192,875,Ongoing,"7-day click or 1-day view",0,ABSOLUTE_OCPM,2026-07-24T11:29:11+0700,-,-,-,"Micro Targeting A+",0,44,,,1.362286,0,44,,
2026-07-01,2026-07-31,"Mau Healing",Gorontalo,not_delivering,721,reach,2022.19140083,50000,Daily,1458,973,721,Ongoing,"7-day click or 1-day view",0,ABSOLUTE_OCPM,2026-07-24T11:29:11+0700,-,-,-,"Micro Targeting A+",0,24,,,1.349515,0,24,,
2026-07-01,2026-07-31,"Mau Healing",Banten,not_delivering,5262,reach,2034.58760927,50000,Daily,10706,7305,5262,Ongoing,"7-day click or 1-day view",0,ABSOLUTE_OCPM,2026-07-24T11:29:11+0700,-,-,-,"Micro Targeting A+",0.00057013,320,,,1.388255,0,320,,
2026-07-01,2026-07-31,"Mau Healing","Bangka–Belitung Islands",not_delivering,1258,reach,2104.13354531,50000,Daily,2647,1810,1258,Ongoing,"7-day click or 1-day view",0,ABSOLUTE_OCPM,2026-07-24T11:29:11+0700,-,-,-,"Micro Targeting A+",0,67,,,1.438792,0,67,,
2026-07-01,2026-07-31,"Mau Healing","Riau Islands Province",not_delivering,3336,reach,2030.27577938,50000,Daily,6773,4652,3336,Ongoing,"7-day click or 1-day view",0,ABSOLUTE_OCPM,2026-07-24T11:29:11+0700,-,-,-,"Micro Targeting A+",0.00029976,170,,,1.394484,0,170,,
2026-07-01,2026-07-31,"Pulang Tenggo",Unknown,not_delivering,18,reach,1444.44444444,50000,Daily,26,18,18,Ongoing,"7-day click or 1-day view",0,ABSOLUTE_OCPM,2026-07-24T11:29:11+0700,-,-,-,"Micro Targeting A+",0,1,,,1,0,1,,
2026-07-01,2026-07-31,"Pulang Tenggo",Aceh,not_delivering,686,reach,1613.70262391,50000,Daily,1107,757,686,Ongoing,"7-day click or 1-day view",0,ABSOLUTE_OCPM,2026-07-24T11:29:11+0700,-,-,-,"Micro Targeting A+",0,24,,,1.103499,0,24,,
2026-07-01,2026-07-31,"Pulang Tenggo",Bali,not_delivering,119,reach,1546.21848739,50000,Daily,184,125,119,Ongoing,"7-day click or 1-day view",0,ABSOLUTE_OCPM,2026-07-24T11:29:11+0700,-,-,-,"Micro Targeting A+",0,4,,,1.05042,0,4,,
2026-07-01,2026-07-31,"Pulang Tenggo",Bengkulu,not_delivering,195,reach,1630.76923077,50000,Daily,318,214,195,Ongoing,"7-day click or 1-day view",0,ABSOLUTE_OCPM,2026-07-24T11:29:11+0700,-,-,-,"Micro Targeting A+",0,8,,,1.097436,0,8,,
2026-07-01,2026-07-31,"Pulang Tenggo",Jakarta,not_delivering,420,reach,1547.61904762,50000,Daily,650,436,420,Ongoing,"7-day click or 1-day view",0,ABSOLUTE_OCPM,2026-07-24T11:29:11+0700,-,-,-,"Micro Targeting A+",0,21,,,1.038095,0,21,,
2026-07-01,2026-07-31,"Pulang Tenggo",Jambi,not_delivering,404,reach,1603.96039604,50000,Daily,648,440,404,Ongoing,"7-day click or 1-day view",0,ABSOLUTE_OCPM,2026-07-24T11:29:11+0700,-,-,-,"Micro Targeting A+",0,13,,,1.089109,0,13,,
2026-07-01,2026-07-31,"Pulang Tenggo","Central Java",not_delivering,2207,reach,1638.87630267,50000,Daily,3617,2472,2207,Ongoing,"7-day click or 1-day view",0,ABSOLUTE_OCPM,2026-07-24T11:29:11+0700,-,-,-,"Micro Targeting A+",0,89,,,1.120073,0,89,,
2026-07-01,2026-07-31,"Pulang Tenggo","East Java",not_delivering,1552,reach,1605.67010309,50000,Daily,2492,1703,1552,Ongoing,"7-day click or 1-day view",0,ABSOLUTE_OCPM,2026-07-24T11:29:11+0700,-,-,-,"Micro Targeting A+",0,66,,,1.097294,0,66,,
2026-07-01,2026-07-31,"Pulang Tenggo","Papua (province)",not_delivering,222,reach,1581.08108108,50000,Daily,351,237,222,Ongoing,"7-day click or 1-day view",0,ABSOLUTE_OCPM,2026-07-24T11:29:11+0700,-,-,-,"Micro Targeting A+",0,5,,,1.067568,0,5,,
2026-07-01,2026-07-31,"Pulang Tenggo","Special Region of Yogyakarta",not_delivering,355,reach,1661.97183099,50000,Daily,590,393,355,Ongoing,"7-day click or 1-day view",0,ABSOLUTE_OCPM,2026-07-24T11:29:11+0700,-,-,-,"Micro Targeting A+",0,21,,,1.107042,0,21,,
2026-07-01,2026-07-31,"Pulang Tenggo","West Kalimantan",not_delivering,468,reach,1623.93162393,50000,Daily,760,511,468,Ongoing,"7-day click or 1-day view",0,ABSOLUTE_OCPM,2026-07-24T11:29:11+0700,-,-,-,"Micro Targeting A+",0.00213675,17,,,1.09188,0,17,,
2026-07-01,2026-07-31,"Pulang Tenggo","South Kalimantan",not_delivering,397,reach,1609.57178841,50000,Daily,639,438,397,Ongoing,"7-day click or 1-day view",0,ABSOLUTE_OCPM,2026-07-24T11:29:11+0700,-,-,-,"Micro Targeting A+",0,15,,,1.103275,0,15,,
2026-07-01,2026-07-31,"Pulang Tenggo","Central Kalimantan",not_delivering,249,reach,1586.34538153,50000,Daily,395,266,249,Ongoing,"7-day click or 1-day view",0,ABSOLUTE_OCPM,2026-07-24T11:29:11+0700,-,-,-,"Micro Targeting A+",0,11,,,1.068273,0,11,,
2026-07-01,2026-07-31,"Pulang Tenggo","East Kalimantan",not_delivering,638,reach,1601.88087774,50000,Daily,1022,709,638,Ongoing,"7-day click or 1-day view",0,ABSOLUTE_OCPM,2026-07-24T11:29:11+0700,-,-,-,"Micro Targeting A+",0.0015674,28,,,1.111285,0,28,,
2026-07-01,2026-07-31,"Pulang Tenggo",Lampung,not_delivering,529,reach,1623.81852552,50000,Daily,859,576,529,Ongoing,"7-day click or 1-day view",0,ABSOLUTE_OCPM,2026-07-24T11:29:11+0700,-,-,-,"Micro Targeting A+",0,20,,,1.088847,0,20,,
2026-07-01,2026-07-31,"Pulang Tenggo","West Nusa Tenggara",not_delivering,242,reach,1557.85123967,50000,Daily,377,257,242,Ongoing,"7-day click or 1-day view",0,ABSOLUTE_OCPM,2026-07-24T11:29:11+0700,-,-,-,"Micro Targeting A+",0,9,,,1.061983,0,9,,
2026-07-01,2026-07-31,"Pulang Tenggo","East Nusa Tenggara",not_delivering,307,reach,1589.57654723,50000,Daily,488,342,307,Ongoing,"7-day click or 1-day view",0,ABSOLUTE_OCPM,2026-07-24T11:29:11+0700,-,-,-,"Micro Targeting A+",0,11,,,1.114007,0,11,,
2026-07-01,2026-07-31,"Pulang Tenggo",Riau,not_delivering,751,reach,1599.20106525,50000,Daily,1201,826,751,Ongoing,"7-day click or 1-day view",0,ABSOLUTE_OCPM,2026-07-24T11:29:11+0700,-,-,-,"Micro Targeting A+",0,23,,,1.099867,0,23,,
2026-07-01,2026-07-31,"Pulang Tenggo","South Sulawesi",not_delivering,789,reach,1629.9112801,50000,Daily,1286,872,789,Ongoing,"7-day click or 1-day view",0,ABSOLUTE_OCPM,2026-07-24T11:29:11+0700,-,-,-,"Micro Targeting A+",0,21,,,1.105196,0,21,,
2026-07-01,2026-07-31,"Pulang Tenggo","Central Sulawesi",not_delivering,303,reach,1471.94719472,50000,Daily,446,311,303,Ongoing,"7-day click or 1-day view",0,ABSOLUTE_OCPM,2026-07-24T11:29:11+0700,-,-,-,"Micro Targeting A+",0,11,,,1.026403,0,11,,
2026-07-01,2026-07-31,"Pulang Tenggo","Southeast Sulawesi",not_delivering,203,reach,1650.24630542,50000,Daily,335,221,203,Ongoing,"7-day click or 1-day view",0,ABSOLUTE_OCPM,2026-07-24T11:29:11+0700,-,-,-,"Micro Targeting A+",0,8,,,1.08867,0,8,,
2026-07-01,2026-07-31,"Pulang Tenggo","West Sumatra",not_delivering,878,reach,1593.39407745,50000,Daily,1399,957,878,Ongoing,"7-day click or 1-day view",0,ABSOLUTE_OCPM,2026-07-24T11:29:11+0700,-,-,-,"Micro Targeting A+",0,42,,,1.089977,0,42,,
2026-07-01,2026-07-31,"Pulang Tenggo","North Sumatra",not_delivering,1121,reach,1617.30597681,50000,Daily,1813,1221,1121,Ongoing,"7-day click or 1-day view",0,ABSOLUTE_OCPM,2026-07-24T11:29:11+0700,-,-,-,"Micro Targeting A+",0,37,,,1.089206,0,37,,
2026-07-01,2026-07-31,"Pulang Tenggo",Maluku,not_delivering,130,reach,1546.15384615,50000,Daily,201,142,130,Ongoing,"7-day click or 1-day view",0,ABSOLUTE_OCPM,2026-07-24T11:29:11+0700,-,-,-,"Micro Targeting A+",0,6,,,1.092308,0,6,,
2026-07-01,2026-07-31,"Pulang Tenggo","West Java",not_delivering,3252,reach,1583.33333333,50000,Daily,5149,3540,3252,Ongoing,"7-day click or 1-day view",0,ABSOLUTE_OCPM,2026-07-24T11:29:11+0700,-,-,-,"Micro Targeting A+",0,126,,,1.088561,0,126,,
2026-07-01,2026-07-31,"Pulang Tenggo","North Sulawesi",not_delivering,125,reach,1568,50000,Daily,196,132,125,Ongoing,"7-day click or 1-day view",0,ABSOLUTE_OCPM,2026-07-24T11:29:11+0700,-,-,-,"Micro Targeting A+",0,3,,,1.056,0,3,,
2026-07-01,2026-07-31,"Pulang Tenggo","South Sumatra",not_delivering,512,reach,1605.46875,50000,Daily,822,553,512,Ongoing,"7-day click or 1-day view",0,ABSOLUTE_OCPM,2026-07-24T11:29:11+0700,-,-,-,"Micro Targeting A+",0,16,,,1.080078,0,16,,
2026-07-01,2026-07-31,"Pulang Tenggo","North Maluku",not_delivering,116,reach,1629.31034483,50000,Daily,189,129,116,Ongoing,"7-day click or 1-day view",0,ABSOLUTE_OCPM,2026-07-24T11:29:11+0700,-,-,-,"Micro Targeting A+",0,3,,,1.112069,0,3,,
2026-07-01,2026-07-31,"Pulang Tenggo","North Kalimantan",not_delivering,116,reach,1681.03448276,50000,Daily,195,129,116,Ongoing,"7-day click or 1-day view",0,ABSOLUTE_OCPM,2026-07-24T11:29:11+0700,-,-,-,"Micro Targeting A+",0,4,,,1.112069,0,4,,
2026-07-01,2026-07-31,"Pulang Tenggo","West Papua",not_delivering,135,reach,1577.77777778,50000,Daily,213,144,135,Ongoing,"7-day click or 1-day view",0,ABSOLUTE_OCPM,2026-07-24T11:29:11+0700,-,-,-,"Micro Targeting A+",0,1,,,1.066667,0,1,,
2026-07-01,2026-07-31,"Pulang Tenggo","West Sulawesi",not_delivering,95,reach,1736.84210526,50000,Daily,165,105,95,Ongoing,"7-day click or 1-day view",0,ABSOLUTE_OCPM,2026-07-24T11:29:11+0700,-,-,-,"Micro Targeting A+",0,4,,,1.105263,0,4,,
2026-07-01,2026-07-31,"Pulang Tenggo",Gorontalo,not_delivering,81,reach,1802.4691358,50000,Daily,146,98,81,Ongoing,"7-day click or 1-day view",0,ABSOLUTE_OCPM,2026-07-24T11:29:11+0700,-,-,-,"Micro Targeting A+",0,1,,,1.209877,0,1,,
2026-07-01,2026-07-31,"Pulang Tenggo",Banten,not_delivering,526,reach,1614.06844106,50000,Daily,849,588,526,Ongoing,"7-day click or 1-day view",0,ABSOLUTE_OCPM,2026-07-24T11:29:11+0700,-,-,-,"Micro Targeting A+",0,21,,,1.117871,0,21,,
2026-07-01,2026-07-31,"Pulang Tenggo","Bangka–Belitung Islands",not_delivering,126,reach,1658.73015873,50000,Daily,209,138,126,Ongoing,"7-day click or 1-day view",0,ABSOLUTE_OCPM,2026-07-24T11:29:11+0700,-,-,-,"Micro Targeting A+",0,1,,,1.095238,0,1,,
2026-07-01,2026-07-31,"Pulang Tenggo","Riau Islands Province",not_delivering,348,reach,1563.2183908,50000,Daily,544,376,348,Ongoing,"7-day click or 1-day view",0,ABSOLUTE_OCPM,2026-07-24T11:29:11+0700,-,-,-,"Micro Targeting A+",0,12,,,1.08046,0,12,,
2026-07-01,2026-07-31,"Dengar Notif WhatsApp",Aceh,not_delivering,,,,50000,Daily,53,7,6,Ongoing,"1-day click",0,ABSOLUTE_OCPM,0,-,-,-,"Micro Targeting A+",0,1,,,1.166667,0,1,,
2026-07-01,2026-07-31,"Dengar Notif WhatsApp",Bali,not_delivering,,,,50000,Daily,98,5,4,Ongoing,"1-day click",0,ABSOLUTE_OCPM,0,-,-,-,"Micro Targeting A+",0,1,,,1.25,0,1,,
2026-07-01,2026-07-31,"Dengar Notif WhatsApp",Bengkulu,not_delivering,,,,50000,Daily,53,5,5,Ongoing,"1-day click",0,ABSOLUTE_OCPM,0,-,-,-,"Micro Targeting A+",0,1,,,1,0,1,,
2026-07-01,2026-07-31,"Dengar Notif WhatsApp",Jakarta,not_delivering,,,,50000,Daily,2371,125,106,Ongoing,"1-day click",0,ABSOLUTE_OCPM,0,-,-,-,"Micro Targeting A+",0.01886792,43,11,8.8,1.179245,0,43,,
2026-07-01,2026-07-31,"Dengar Notif WhatsApp",Jambi,not_delivering,,,,50000,Daily,17,4,4,Ongoing,"1-day click",0,ABSOLUTE_OCPM,0,-,-,-,"Micro Targeting A+",0,1,,,1,0,1,,
2026-07-01,2026-07-31,"Dengar Notif WhatsApp","Central Java",not_delivering,,,,50000,Daily,431,54,52,Ongoing,"1-day click",0,ABSOLUTE_OCPM,0,-,-,-,"Micro Targeting A+",0,13,,,1.038462,0,13,,
2026-07-01,2026-07-31,"Dengar Notif WhatsApp","East Java",not_delivering,,,,50000,Daily,1398,87,77,Ongoing,"1-day click",0,ABSOLUTE_OCPM,0,-,-,-,"Micro Targeting A+",0,30,3,3.448276,1.12987,0,30,,
2026-07-01,2026-07-31,"Dengar Notif WhatsApp","Papua (province)",not_delivering,,,,50000,Daily,27,2,2,Ongoing,"1-day click",0,ABSOLUTE_OCPM,0,-,-,-,"Micro Targeting A+",0,,,,1,0,,,
2026-07-01,2026-07-31,"Dengar Notif WhatsApp","Special Region of Yogyakarta",not_delivering,,,,50000,Daily,160,15,14,Ongoing,"1-day click",0,ABSOLUTE_OCPM,0,-,-,-,"Micro Targeting A+",0,6,1,6.666667,1.071429,0,6,,
2026-07-01,2026-07-31,"Dengar Notif WhatsApp","West Kalimantan",not_delivering,,,,50000,Daily,15,4,4,Ongoing,"1-day click",0,ABSOLUTE_OCPM,0,-,-,-,"Micro Targeting A+",0,1,,,1,0,1,,
2026-07-01,2026-07-31,"Dengar Notif WhatsApp","South Kalimantan",not_delivering,,,,50000,Daily,250,8,8,Ongoing,"1-day click",0,ABSOLUTE_OCPM,0,-,-,-,"Micro Targeting A+",0,,,,1,0,,,
2026-07-01,2026-07-31,"Dengar Notif WhatsApp","Central Kalimantan",not_delivering,,,,50000,Daily,27,5,5,Ongoing,"1-day click",0,ABSOLUTE_OCPM,0,-,-,-,"Micro Targeting A+",0,,,,1,0,,,
2026-07-01,2026-07-31,"Dengar Notif WhatsApp","East Kalimantan",not_delivering,,,,50000,Daily,132,15,15,Ongoing,"1-day click",0,ABSOLUTE_OCPM,0,-,-,-,"Micro Targeting A+",0,1,,,1,0,1,,
2026-07-01,2026-07-31,"Dengar Notif WhatsApp",Lampung,not_delivering,,,,50000,Daily,101,7,5,Ongoing,"1-day click",0,ABSOLUTE_OCPM,0,-,-,-,"Micro Targeting A+",0,3,,,1.4,0,3,,
2026-07-01,2026-07-31,"Dengar Notif WhatsApp","West Nusa Tenggara",not_delivering,,,,50000,Daily,52,4,4,Ongoing,"1-day click",0,ABSOLUTE_OCPM,0,-,-,-,"Micro Targeting A+",0,3,1,25,1,0,3,,
2026-07-01,2026-07-31,"Dengar Notif WhatsApp","East Nusa Tenggara",not_delivering,,,,50000,Daily,9,4,4,Ongoing,"1-day click",0,ABSOLUTE_OCPM,0,-,-,-,"Micro Targeting A+",0,,,,1,0,,,
2026-07-01,2026-07-31,"Dengar Notif WhatsApp",Riau,not_delivering,,,,50000,Daily,132,12,10,Ongoing,"1-day click",0,ABSOLUTE_OCPM,0,-,-,-,"Micro Targeting A+",0,5,,,1.2,0,5,,
2026-07-01,2026-07-31,"Dengar Notif WhatsApp","South Sulawesi",not_delivering,,,,50000,Daily,65,10,9,Ongoing,"1-day click",0,ABSOLUTE_OCPM,0,-,-,-,"Micro Targeting A+",0,,,,1.111111,0,,,
2026-07-01,2026-07-31,"Dengar Notif WhatsApp","Central Sulawesi",not_delivering,,,,50000,Daily,19,2,2,Ongoing,"1-day click",0,ABSOLUTE_OCPM,0,-,-,-,"Micro Targeting A+",0,1,,,1,0,1,,
2026-07-01,2026-07-31,"Dengar Notif WhatsApp","Southeast Sulawesi",not_delivering,,,,50000,Daily,28,2,2,Ongoing,"1-day click",0,ABSOLUTE_OCPM,0,-,-,-,"Micro Targeting A+",0,1,,,1,0,1,,
2026-07-01,2026-07-31,"Dengar Notif WhatsApp","West Sumatra",not_delivering,,,,50000,Daily,60,8,8,Ongoing,"1-day click",0,ABSOLUTE_OCPM,0,-,-,-,"Micro Targeting A+",0,1,,,1,0,1,,
2026-07-01,2026-07-31,"Dengar Notif WhatsApp","North Sumatra",not_delivering,,,,50000,Daily,307,22,21,Ongoing,"1-day click",0,ABSOLUTE_OCPM,0,-,-,-,"Micro Targeting A+",0,7,,,1.047619,0,7,,
2026-07-01,2026-07-31,"Dengar Notif WhatsApp","West Java",not_delivering,,,,50000,Daily,2545,131,117,Ongoing,"1-day click",0,ABSOLUTE_OCPM,0,-,-,-,"Micro Targeting A+",0,41,4,3.053435,1.119658,0,41,,
2026-07-01,2026-07-31,"Dengar Notif WhatsApp","North Sulawesi",not_delivering,,,,50000,Daily,20,2,2,Ongoing,"1-day click",0,ABSOLUTE_OCPM,0,-,-,-,"Micro Targeting A+",0,,,,1,0,,,
2026-07-01,2026-07-31,"Dengar Notif WhatsApp","South Sumatra",not_delivering,,,,50000,Daily,143,11,10,Ongoing,"1-day click",0,ABSOLUTE_OCPM,0,-,-,-,"Micro Targeting A+",0,6,1,9.090909,1.1,0,6,,
2026-07-01,2026-07-31,"Dengar Notif WhatsApp","North Maluku",not_delivering,,,,50000,Daily,16,2,2,Ongoing,"1-day click",0,ABSOLUTE_OCPM,0,-,-,-,"Micro Targeting A+",0,1,,,1,0,1,,
2026-07-01,2026-07-31,"Dengar Notif WhatsApp","North Kalimantan",not_delivering,,,,50000,Daily,13,2,2,Ongoing,"1-day click",0,ABSOLUTE_OCPM,0,-,-,-,"Micro Targeting A+",0,,,,1,0,,,
2026-07-01,2026-07-31,"Dengar Notif WhatsApp","West Papua",not_delivering,,,,50000,Daily,19,5,5,Ongoing,"1-day click",0,ABSOLUTE_OCPM,0,-,-,-,"Micro Targeting A+",0,1,,,1,0,1,,
2026-07-01,2026-07-31,"Dengar Notif WhatsApp",Banten,not_delivering,,,,50000,Daily,570,43,41,Ongoing,"1-day click",0,ABSOLUTE_OCPM,0,-,-,-,"Micro Targeting A+",0,17,4,9.302326,1.04878,0,17,,
2026-07-01,2026-07-31,"Dengar Notif WhatsApp","Bangka–Belitung Islands",not_delivering,,,,50000,Daily,99,2,2,Ongoing,"1-day click",0,ABSOLUTE_OCPM,0,-,-,-,"Micro Targeting A+",0,1,,,1,0,1,,
2026-07-01,2026-07-31,"Dengar Notif WhatsApp","Riau Islands Province",not_delivering,,,,50000,Daily,48,7,6,Ongoing,"1-day click",0,ABSOLUTE_OCPM,0,-,-,-,"Micro Targeting A+",0,1,,,1.166667,0,1,,
2026-07-01,2026-07-31,"Mau Healing",Aceh,not_delivering,,,,50000,Daily,78,7,7,Ongoing,"1-day click",0,ABSOLUTE_OCPM,0,-,-,-,"Micro Targeting A+",0,3,,,1,0,3,,
2026-07-01,2026-07-31,"Mau Healing",Bali,not_delivering,,,,50000,Daily,258,5,5,Ongoing,"1-day click",0,ABSOLUTE_OCPM,0,-,-,-,"Micro Targeting A+",0,,,,1,0,,,
2026-07-01,2026-07-31,"Mau Healing",Bengkulu,not_delivering,,,,50000,Daily,4,1,1,Ongoing,"1-day click",0,ABSOLUTE_OCPM,0,-,-,-,"Micro Targeting A+",0,,,,1,0,,,
2026-07-01,2026-07-31,"Mau Healing",Jakarta,not_delivering,,,,50000,Daily,1542,67,64,Ongoing,"1-day click",0,ABSOLUTE_OCPM,0,-,-,-,"Micro Targeting A+",0,20,2,2.985075,1.046875,0,20,,
2026-07-01,2026-07-31,"Mau Healing",Jambi,not_delivering,,,,50000,Daily,52,4,4,Ongoing,"1-day click",0,ABSOLUTE_OCPM,0,-,-,-,"Micro Targeting A+",0,1,,,1,0,1,,
2026-07-01,2026-07-31,"Mau Healing","Central Java",not_delivering,,,,50000,Daily,906,53,49,Ongoing,"1-day click",0,ABSOLUTE_OCPM,0,-,-,-,"Micro Targeting A+",0,17,3,5.660377,1.081633,1,17,,
2026-07-01,2026-07-31,"Mau Healing","East Java",not_delivering,,,,50000,Daily,844,65,58,Ongoing,"1-day click",0,ABSOLUTE_OCPM,0,-,-,-,"Micro Targeting A+",0,14,1,1.538462,1.12069,0,14,,
2026-07-01,2026-07-31,"Mau Healing","Special Region of Yogyakarta",not_delivering,,,,50000,Daily,267,9,9,Ongoing,"1-day click",0,ABSOLUTE_OCPM,0,-,-,-,"Micro Targeting A+",0,1,,,1,0,1,,
2026-07-01,2026-07-31,"Mau Healing","West Kalimantan",not_delivering,,,,50000,Daily,204,9,8,Ongoing,"1-day click",0,ABSOLUTE_OCPM,0,-,-,-,"Micro Targeting A+",0,3,,,1.125,0,3,,
2026-07-01,2026-07-31,"Mau Healing","South Kalimantan",not_delivering,,,,50000,Daily,69,6,6,Ongoing,"1-day click",0,ABSOLUTE_OCPM,0,-,-,-,"Micro Targeting A+",0,,,,1,0,,,
2026-07-01,2026-07-31,"Mau Healing","Central Kalimantan",not_delivering,,,,50000,Daily,18,4,4,Ongoing,"1-day click",0,ABSOLUTE_OCPM,0,-,-,-,"Micro Targeting A+",0,2,,,1,0,2,,
2026-07-01,2026-07-31,"Mau Healing","East Kalimantan",not_delivering,,,,50000,Daily,106,11,10,Ongoing,"1-day click",0,ABSOLUTE_OCPM,0,-,-,-,"Micro Targeting A+",0,1,,,1.1,0,1,,
2026-07-01,2026-07-31,"Mau Healing",Lampung,not_delivering,,,,50000,Daily,37,6,6,Ongoing,"1-day click",0,ABSOLUTE_OCPM,0,-,-,-,"Micro Targeting A+",0,,,,1,0,,,
2026-07-01,2026-07-31,"Mau Healing","West Nusa Tenggara",not_delivering,,,,50000,Daily,55,5,5,Ongoing,"1-day click",0,ABSOLUTE_OCPM,0,-,-,-,"Micro Targeting A+",0,2,,,1,0,2,,
2026-07-01,2026-07-31,"Mau Healing","East Nusa Tenggara",not_delivering,,,,50000,Daily,3,1,1,Ongoing,"1-day click",0,ABSOLUTE_OCPM,0,-,-,-,"Micro Targeting A+",0,1,,,1,0,1,,
2026-07-01,2026-07-31,"Mau Healing",Riau,not_delivering,,,,50000,Daily,412,9,9,Ongoing,"1-day click",0,ABSOLUTE_OCPM,0,-,-,-,"Micro Targeting A+",0,3,,,1,0,3,,
2026-07-01,2026-07-31,"Mau Healing","South Sulawesi",not_delivering,,,,50000,Daily,368,14,11,Ongoing,"1-day click",0,ABSOLUTE_OCPM,0,-,-,-,"Micro Targeting A+",0,4,,,1.272727,0,4,,
2026-07-01,2026-07-31,"Mau Healing","Central Sulawesi",not_delivering,,,,50000,Daily,48,5,5,Ongoing,"1-day click",0,ABSOLUTE_OCPM,0,-,-,-,"Micro Targeting A+",0,1,,,1,0,1,,
2026-07-01,2026-07-31,"Mau Healing","West Sumatra",not_delivering,,,,50000,Daily,269,17,14,Ongoing,"1-day click",0,ABSOLUTE_OCPM,0,-,-,-,"Micro Targeting A+",0,7,,,1.214286,0,7,,
2026-07-01,2026-07-31,"Mau Healing","North Sumatra",not_delivering,,,,50000,Daily,219,27,24,Ongoing,"1-day click",0,ABSOLUTE_OCPM,0,-,-,-,"Micro Targeting A+",0,9,2,7.407407,1.125,1,9,,
2026-07-01,2026-07-31,"Mau Healing",Maluku,not_delivering,,,,50000,Daily,2,1,1,Ongoing,"1-day click",0,ABSOLUTE_OCPM,0,-,-,-,"Micro Targeting A+",0,,,,1,0,,,
2026-07-01,2026-07-31,"Mau Healing","West Java",not_delivering,,,,50000,Daily,1982,112,96,Ongoing,"1-day click",0,ABSOLUTE_OCPM,0,-,-,-,"Micro Targeting A+",0,24,,,1.166667,0,24,,
2026-07-01,2026-07-31,"Mau Healing","North Sulawesi",not_delivering,,,,50000,Daily,38,3,3,Ongoing,"1-day click",0,ABSOLUTE_OCPM,0,-,-,-,"Micro Targeting A+",0,1,,,1,0,1,,
2026-07-01,2026-07-31,"Mau Healing","South Sumatra",not_delivering,,,,50000,Daily,45,9,8,Ongoing,"1-day click",0,ABSOLUTE_OCPM,0,-,-,-,"Micro Targeting A+",0,2,,,1.125,0,2,,
2026-07-01,2026-07-31,"Mau Healing","North Maluku",not_delivering,,,,50000,Daily,2,1,1,Ongoing,"1-day click",0,ABSOLUTE_OCPM,0,-,-,-,"Micro Targeting A+",0,,,,1,0,,,
2026-07-01,2026-07-31,"Mau Healing","North Kalimantan",not_delivering,,,,50000,Daily,35,1,1,Ongoing,"1-day click",0,ABSOLUTE_OCPM,0,-,-,-,"Micro Targeting A+",0,1,,,1,0,1,,
2026-07-01,2026-07-31,"Mau Healing","West Papua",not_delivering,,,,50000,Daily,70,6,4,Ongoing,"1-day click",0,ABSOLUTE_OCPM,0,-,-,-,"Micro Targeting A+",0,1,,,1.5,0,1,,
2026-07-01,2026-07-31,"Mau Healing","West Sulawesi",not_delivering,,,,50000,Daily,5,1,1,Ongoing,"1-day click",0,ABSOLUTE_OCPM,0,-,-,-,"Micro Targeting A+",0,1,,,1,0,1,,
2026-07-01,2026-07-31,"Mau Healing",Gorontalo,not_delivering,,,,50000,Daily,5,1,1,Ongoing,"1-day click",0,ABSOLUTE_OCPM,0,-,-,-,"Micro Targeting A+",0,,,,1,0,,,
2026-07-01,2026-07-31,"Mau Healing",Banten,not_delivering,,,,50000,Daily,1072,39,34,Ongoing,"1-day click",0,ABSOLUTE_OCPM,0,-,-,-,"Micro Targeting A+",0,7,,,1.147059,0,7,,
2026-07-01,2026-07-31,"Mau Healing","Bangka–Belitung Islands",not_delivering,,,,50000,Daily,23,3,3,Ongoing,"1-day click",0,ABSOLUTE_OCPM,0,-,-,-,"Micro Targeting A+",0,3,1,33.333333,1,1,3,,
2026-07-01,2026-07-31,"Mau Healing","Riau Islands Province",not_delivering,,,,50000,Daily,70,6,6,Ongoing,"1-day click",0,ABSOLUTE_OCPM,0,-,-,-,"Micro Targeting A+",0,2,,,1,0,2,,
2026-07-01,2026-07-31,"Pulang Tenggo",Aceh,not_delivering,,,,50000,Daily,1524,86,78,Ongoing,"1-day click",0,ABSOLUTE_OCPM,0,-,-,-,"Micro Targeting A+",0.01282051,41,5,5.813953,1.102564,0,41,,
2026-07-01,2026-07-31,"Pulang Tenggo",Bali,not_delivering,,,,50000,Daily,2043,102,91,Ongoing,"1-day click",0,ABSOLUTE_OCPM,0,-,-,-,"Micro Targeting A+",0,46,5,4.901961,1.120879,0,46,,
2026-07-01,2026-07-31,"Pulang Tenggo",Bengkulu,not_delivering,,,,50000,Daily,723,37,34,Ongoing,"1-day click",0,ABSOLUTE_OCPM,0,-,-,-,"Micro Targeting A+",0,23,4,10.810811,1.088235,0,23,,
2026-07-01,2026-07-31,"Pulang Tenggo",Jakarta,not_delivering,,,,50000,Daily,31520,1590,1450,Ongoing,"1-day click",0,ABSOLUTE_OCPM,0,-,-,-,"Micro Targeting A+",0.00413793,729,92,5.786164,1.096552,3,729,,
2026-07-01,2026-07-31,"Pulang Tenggo",Jambi,not_delivering,,,,50000,Daily,1101,74,69,Ongoing,"1-day click",0,ABSOLUTE_OCPM,0,-,-,-,"Micro Targeting A+",0,35,3,4.054054,1.072464,0,35,,
2026-07-01,2026-07-31,"Pulang Tenggo","Central Java",not_delivering,,,,50000,Daily,23287,1283,1143,Ongoing,"1-day click",0,ABSOLUTE_OCPM,0,-,-,-,"Micro Targeting A+",0.00174978,615,67,5.222136,1.122485,1,615,,
2026-07-01,2026-07-31,"Pulang Tenggo","East Java",not_delivering,,,,50000,Daily,22586,1211,1068,Ongoing,"1-day click",0,ABSOLUTE_OCPM,0,-,-,-,"Micro Targeting A+",0.00655431,604,73,6.028076,1.133895,1,604,,
2026-07-01,2026-07-31,"Pulang Tenggo","Papua (province)",not_delivering,,,,50000,Daily,336,20,18,Ongoing,"1-day click",0,ABSOLUTE_OCPM,0,-,-,-,"Micro Targeting A+",0,13,1,5,1.111111,0,13,,
2026-07-01,2026-07-31,"Pulang Tenggo","Special Region of Yogyakarta",not_delivering,,,,50000,Daily,8273,389,363,Ongoing,"1-day click",0,ABSOLUTE_OCPM,0,-,-,-,"Micro Targeting A+",0,222,31,7.969152,1.071625,0,222,,
2026-07-01,2026-07-31,"Pulang Tenggo","West Kalimantan",not_delivering,,,,50000,Daily,2444,125,114,Ongoing,"1-day click",0,ABSOLUTE_OCPM,0,-,-,-,"Micro Targeting A+",0,59,4,3.2,1.096491,0,59,,
2026-07-01,2026-07-31,"Pulang Tenggo","South Kalimantan",not_delivering,,,,50000,Daily,3350,192,175,Ongoing,"1-day click",0,ABSOLUTE_OCPM,0,-,-,-,"Micro Targeting A+",0,80,5,2.604167,1.097143,0,80,,
2026-07-01,2026-07-31,"Pulang Tenggo","Central Kalimantan",not_delivering,,,,50000,Daily,1368,73,66,Ongoing,"1-day click",0,ABSOLUTE_OCPM,0,-,-,-,"Micro Targeting A+",0,30,5,6.849315,1.106061,1,30,,
2026-07-01,2026-07-31,"Pulang Tenggo","East Kalimantan",not_delivering,,,,50000,Daily,3236,187,179,Ongoing,"1-day click",0,ABSOLUTE_OCPM,0,-,-,-,"Micro Targeting A+",0.00558659,91,11,5.882353,1.044693,0,91,,
2026-07-01,2026-07-31,"Pulang Tenggo",Lampung,not_delivering,,,,50000,Daily,1880,125,116,Ongoing,"1-day click",0,ABSOLUTE_OCPM,0,-,-,-,"Micro Targeting A+",0,66,5,4,1.077586,0,66,,
2026-07-01,2026-07-31,"Pulang Tenggo","West Nusa Tenggara",not_delivering,,,,50000,Daily,797,56,56,Ongoing,"1-day click",0,ABSOLUTE_OCPM,0,-,-,-,"Micro Targeting A+",0,22,,,1,0,22,,
2026-07-01,2026-07-31,"Pulang Tenggo","East Nusa Tenggara",not_delivering,,,,50000,Daily,183,26,24,Ongoing,"1-day click",0,ABSOLUTE_OCPM,0,-,-,-,"Micro Targeting A+",0,7,,,1.083333,0,7,,
2026-07-01,2026-07-31,"Pulang Tenggo",Riau,not_delivering,,,,50000,Daily,3951,189,163,Ongoing,"1-day click",0,ABSOLUTE_OCPM,0,-,-,-,"Micro Targeting A+",0.00613497,86,7,3.703704,1.159509,0,86,,
2026-07-01,2026-07-31,"Pulang Tenggo","South Sulawesi",not_delivering,,,,50000,Daily,1929,137,126,Ongoing,"1-day click",0,ABSOLUTE_OCPM,0,-,-,-,"Micro Targeting A+",0,53,4,2.919708,1.087302,0,53,,
2026-07-01,2026-07-31,"Pulang Tenggo","Central Sulawesi",not_delivering,,,,50000,Daily,485,34,27,Ongoing,"1-day click",0,ABSOLUTE_OCPM,0,-,-,-,"Micro Targeting A+",0,12,1,2.941176,1.259259,0,12,,
2026-07-01,2026-07-31,"Pulang Tenggo","Southeast Sulawesi",not_delivering,,,,50000,Daily,261,16,16,Ongoing,"1-day click",0,ABSOLUTE_OCPM,0,-,-,-,"Micro Targeting A+",0,5,,,1,0,5,,
2026-07-01,2026-07-31,"Pulang Tenggo","West Sumatra",not_delivering,,,,50000,Daily,2665,154,144,Ongoing,"1-day click",0,ABSOLUTE_OCPM,0,-,-,-,"Micro Targeting A+",0,84,9,5.844156,1.069444,0,84,,
2026-07-01,2026-07-31,"Pulang Tenggo","North Sumatra",not_delivering,,,,50000,Daily,3932,263,234,Ongoing,"1-day click",0,ABSOLUTE_OCPM,0,-,-,-,"Micro Targeting A+",0.00854701,102,6,2.281369,1.123932,0,102,,
2026-07-01,2026-07-31,"Pulang Tenggo",Maluku,not_delivering,,,,50000,Daily,200,13,12,Ongoing,"1-day click",0,ABSOLUTE_OCPM,0,-,-,-,"Micro Targeting A+",0,6,,,1.083333,0,6,,
2026-07-01,2026-07-31,"Pulang Tenggo","West Java",not_delivering,,,,50000,Daily,48503,2423,2213,Ongoing,"1-day click",0,ABSOLUTE_OCPM,0,-,-,-,"Micro Targeting A+",0.00225938,1142,146,6.025588,1.094894,2,1142,,
2026-07-01,2026-07-31,"Pulang Tenggo","North Sulawesi",not_delivering,,,,50000,Daily,435,27,23,Ongoing,"1-day click",0,ABSOLUTE_OCPM,0,-,-,-,"Micro Targeting A+",0,17,2,7.407407,1.173913,0,17,,
2026-07-01,2026-07-31,"Pulang Tenggo","South Sumatra",not_delivering,,,,50000,Daily,3276,163,152,Ongoing,"1-day click",0,ABSOLUTE_OCPM,0,-,-,-,"Micro Targeting A+",0.00657895,78,11,6.748466,1.072368,0,78,,
2026-07-01,2026-07-31,"Pulang Tenggo","North Maluku",not_delivering,,,,50000,Daily,365,13,13,Ongoing,"1-day click",0,ABSOLUTE_OCPM,0,-,-,-,"Micro Targeting A+",0,10,1,7.692308,1,0,10,,
2026-07-01,2026-07-31,"Pulang Tenggo","North Kalimantan",not_delivering,,,,50000,Daily,212,18,17,Ongoing,"1-day click",0,ABSOLUTE_OCPM,0,-,-,-,"Micro Targeting A+",0.05882353,11,2,11.111111,1.058824,0,11,,
2026-07-01,2026-07-31,"Pulang Tenggo","West Papua",not_delivering,,,,50000,Daily,205,17,13,Ongoing,"1-day click",0,ABSOLUTE_OCPM,0,-,-,-,"Micro Targeting A+",0,4,,,1.307692,0,4,,
2026-07-01,2026-07-31,"Pulang Tenggo","West Sulawesi",not_delivering,,,,50000,Daily,117,5,5,Ongoing,"1-day click",0,ABSOLUTE_OCPM,0,-,-,-,"Micro Targeting A+",0,4,1,20,1,0,4,,
2026-07-01,2026-07-31,"Pulang Tenggo",Gorontalo,not_delivering,,,,50000,Daily,241,11,10,Ongoing,"1-day click",0,ABSOLUTE_OCPM,0,-,-,-,"Micro Targeting A+",0,4,,,1.1,0,4,,
2026-07-01,2026-07-31,"Pulang Tenggo",Banten,not_delivering,,,,50000,Daily,12885,705,643,Ongoing,"1-day click",0,ABSOLUTE_OCPM,0,-,-,-,"Micro Targeting A+",0.00311042,308,37,5.248227,1.096423,0,308,,
2026-07-01,2026-07-31,"Pulang Tenggo","Bangka–Belitung Islands",not_delivering,,,,50000,Daily,761,43,36,Ongoing,"1-day click",0,ABSOLUTE_OCPM,0,-,-,-,"Micro Targeting A+",0,22,1,2.325581,1.194444,0,22,,
2026-07-01,2026-07-31,"Pulang Tenggo","Riau Islands Province",not_delivering,,,,50000,Daily,1036,58,56,Ongoing,"1-day click",0,ABSOLUTE_OCPM,0,-,-,-,"Micro Targeting A+",0,31,3,5.172414,1.035714,0,31,,
2026-07-01,2026-07-31,"Setiap Rasa",Aceh,not_delivering,,,,50000,Daily,2666,140,104,Ongoing,"1-day click",0,ABSOLUTE_OCPM,0,-,-,-,"Micro Targeting A+",0.01923077,11,9,6.428571,1.346154,4,11,,
2026-07-01,2026-07-31,"Setiap Rasa",Bali,not_delivering,,,,50000,Daily,2511,157,121,Ongoing,"1-day click",0,ABSOLUTE_OCPM,0,-,-,-,"Micro Targeting A+",0.04132231,13,8,5.095541,1.297521,1,13,,
2026-07-01,2026-07-31,"Setiap Rasa",Bengkulu,not_delivering,,,,50000,Daily,588,31,27,Ongoing,"1-day click",0,ABSOLUTE_OCPM,0,-,-,-,"Micro Targeting A+",0,1,1,3.225806,1.148148,0,1,,
2026-07-01,2026-07-31,"Setiap Rasa",Jakarta,not_delivering,,,,50000,Daily,20512,1069,841,Ongoing,"1-day click",0,ABSOLUTE_OCPM,0,-,-,-,"Micro Targeting A+",0.00713436,51,44,4.115996,1.271106,14,51,,
2026-07-01,2026-07-31,"Setiap Rasa",Jambi,not_delivering,,,,50000,Daily,1035,88,69,Ongoing,"1-day click",0,ABSOLUTE_OCPM,0,-,-,-,"Micro Targeting A+",0,2,2,2.272727,1.275362,0,2,,
2026-07-01,2026-07-31,"Setiap Rasa","Central Java",not_delivering,,,,50000,Daily,18316,1341,1034,Ongoing,"1-day click",0,ABSOLUTE_OCPM,0,-,-,-,"Micro Targeting A+",0.01644101,72,55,4.101417,1.296905,15,72,,
2026-07-01,2026-07-31,"Setiap Rasa","East Java",not_delivering,,,,50000,Daily,27273,1654,1262,Ongoing,"1-day click",0,ABSOLUTE_OCPM,0,-,-,-,"Micro Targeting A+",0.01664025,97,68,4.111245,1.310618,19,97,,
2026-07-01,2026-07-31,"Setiap Rasa","Papua (province)",not_delivering,,,,50000,Daily,585,52,27,Ongoing,"1-day click",0,ABSOLUTE_OCPM,0,-,-,-,"Micro Targeting A+",0.03703704,5,4,7.692308,1.925926,2,5,,
2026-07-01,2026-07-31,"Setiap Rasa","Special Region of Yogyakarta",not_delivering,,,,50000,Daily,4902,301,241,Ongoing,"1-day click",0,ABSOLUTE_OCPM,0,-,-,-,"Micro Targeting A+",0.03319502,28,18,5.980066,1.248963,5,28,,
2026-07-01,2026-07-31,"Setiap Rasa","West Kalimantan",not_delivering,,,,50000,Daily,1239,122,99,Ongoing,"1-day click",0,ABSOLUTE_OCPM,0,-,-,-,"Micro Targeting A+",0,1,1,0.819672,1.232323,1,1,,
2026-07-01,2026-07-31,"Setiap Rasa","South Kalimantan",not_delivering,,,,50000,Daily,4241,214,162,Ongoing,"1-day click",0,ABSOLUTE_OCPM,0,-,-,-,"Micro Targeting A+",0.01234568,13,11,5.140187,1.320988,6,13,,
2026-07-01,2026-07-31,"Setiap Rasa","Central Kalimantan",not_delivering,,,,50000,Daily,999,80,58,Ongoing,"1-day click",0,ABSOLUTE_OCPM,0,-,-,-,"Micro Targeting A+",0.03448276,3,1,1.25,1.37931,0,3,,
2026-07-01,2026-07-31,"Setiap Rasa","East Kalimantan",not_delivering,,,,50000,Daily,4449,249,184,Ongoing,"1-day click",0,ABSOLUTE_OCPM,0,-,-,-,"Micro Targeting A+",0.01630435,12,9,3.614458,1.353261,3,12,,
2026-07-01,2026-07-31,"Setiap Rasa",Lampung,not_delivering,,,,50000,Daily,2265,158,130,Ongoing,"1-day click",0,ABSOLUTE_OCPM,0,-,-,-,"Micro Targeting A+",0.02307692,7,3,1.898734,1.215385,0,7,,
2026-07-01,2026-07-31,"Setiap Rasa","West Nusa Tenggara",not_delivering,,,,50000,Daily,1068,72,60,Ongoing,"1-day click",0,ABSOLUTE_OCPM,0,-,-,-,"Micro Targeting A+",0.03333333,3,1,1.388889,1.2,0,3,,
2026-07-01,2026-07-31,"Setiap Rasa","East Nusa Tenggara",not_delivering,,,,50000,Daily,452,35,28,Ongoing,"1-day click",0,ABSOLUTE_OCPM,0,-,-,-,"Micro Targeting A+",0,1,1,2.857143,1.25,0,1,,
2026-07-01,2026-07-31,"Setiap Rasa",Riau,not_delivering,,,,50000,Daily,3105,207,147,Ongoing,"1-day click",0,ABSOLUTE_OCPM,0,-,-,-,"Micro Targeting A+",0.00680272,15,14,6.763285,1.408163,2,15,,
2026-07-01,2026-07-31,"Setiap Rasa","South Sulawesi",not_delivering,,,,50000,Daily,3429,192,140,Ongoing,"1-day click",0,ABSOLUTE_OCPM,0,-,-,-,"Micro Targeting A+",0.01428571,15,12,6.25,1.371429,3,15,,
2026-07-01,2026-07-31,"Setiap Rasa","Central Sulawesi",not_delivering,,,,50000,Daily,608,52,35,Ongoing,"1-day click",0,ABSOLUTE_OCPM,0,-,-,-,"Micro Targeting A+",0.05714286,4,2,3.846154,1.485714,0,4,,
2026-07-01,2026-07-31,"Setiap Rasa","Southeast Sulawesi",not_delivering,,,,50000,Daily,391,29,26,Ongoing,"1-day click",0,ABSOLUTE_OCPM,0,-,-,-,"Micro Targeting A+",0,3,3,10.344828,1.115385,1,3,,
2026-07-01,2026-07-31,"Setiap Rasa","West Sumatra",not_delivering,,,,50000,Daily,3433,186,129,Ongoing,"1-day click",0,ABSOLUTE_OCPM,0,-,-,-,"Micro Targeting A+",0.01550388,15,10,5.376344,1.44186,4,15,,
2026-07-01,2026-07-31,"Setiap Rasa","North Sumatra",not_delivering,,,,50000,Daily,6206,443,340,Ongoing,"1-day click",0,ABSOLUTE_OCPM,0,-,-,-,"Micro Targeting A+",0.00882353,35,28,6.320542,1.302941,7,35,,
2026-07-01,2026-07-31,"Setiap Rasa",Maluku,not_delivering,,,,50000,Daily,337,24,17,Ongoing,"1-day click",0,ABSOLUTE_OCPM,0,-,-,-,"Micro Targeting A+",0,1,1,4.166667,1.411765,0,1,,
2026-07-01,2026-07-31,"Setiap Rasa","West Java",not_delivering,,,,50000,Daily,40913,2342,1796,Ongoing,"1-day click",0,ABSOLUTE_OCPM,0,-,-,-,"Micro Targeting A+",0.01503341,125,82,3.501281,1.304009,21,125,,
2026-07-01,2026-07-31,"Setiap Rasa","North Sulawesi",not_delivering,,,,50000,Daily,956,46,34,Ongoing,"1-day click",0,ABSOLUTE_OCPM,0,-,-,-,"Micro Targeting A+",0.02941176,5,4,8.695652,1.352941,1,5,,
2026-07-01,2026-07-31,"Setiap Rasa","South Sumatra",not_delivering,,,,50000,Daily,3869,205,155,Ongoing,"1-day click",0,ABSOLUTE_OCPM,0,-,-,-,"Micro Targeting A+",0.00645161,13,10,4.878049,1.322581,2,13,,
2026-07-01,2026-07-31,"Setiap Rasa","North Maluku",not_delivering,,,,50000,Daily,229,17,15,Ongoing,"1-day click",0,ABSOLUTE_OCPM,0,-,-,-,"Micro Targeting A+",0,1,1,5.882353,1.133333,1,1,,
2026-07-01,2026-07-31,"Setiap Rasa","North Kalimantan",not_delivering,,,,50000,Daily,355,20,17,Ongoing,"1-day click",0,ABSOLUTE_OCPM,0,-,-,-,"Micro Targeting A+",0,1,1,5,1.176471,0,1,,
2026-07-01,2026-07-31,"Setiap Rasa","West Papua",not_delivering,,,,50000,Daily,395,24,18,Ongoing,"1-day click",0,ABSOLUTE_OCPM,0,-,-,-,"Micro Targeting A+",0,,,,1.333333,0,,,
2026-07-01,2026-07-31,"Setiap Rasa","West Sulawesi",not_delivering,,,,50000,Daily,107,18,11,Ongoing,"1-day click",0,ABSOLUTE_OCPM,0,-,-,-,"Micro Targeting A+",0.09090909,3,2,11.111111,1.636364,1,3,,
2026-07-01,2026-07-31,"Setiap Rasa",Gorontalo,not_delivering,,,,50000,Daily,330,15,10,Ongoing,"1-day click",0,ABSOLUTE_OCPM,0,-,-,-,"Micro Targeting A+",0,1,1,6.666667,1.5,0,1,,
2026-07-01,2026-07-31,"Setiap Rasa",Banten,not_delivering,,,,50000,Daily,12339,617,466,Ongoing,"1-day click",0,ABSOLUTE_OCPM,0,-,-,-,"Micro Targeting A+",0.0193133,47,33,5.34846,1.324034,8,47,,
2026-07-01,2026-07-31,"Setiap Rasa","Bangka–Belitung Islands",not_delivering,,,,50000,Daily,662,38,31,Ongoing,"1-day click",0,ABSOLUTE_OCPM,0,-,-,-,"Micro Targeting A+",0,4,4,10.526316,1.225806,1,4,,
2026-07-01,2026-07-31,"Setiap Rasa","Riau Islands Province",not_delivering,,,,50000,Daily,1693,108,82,Ongoing,"1-day click",0,ABSOLUTE_OCPM,0,-,-,-,"Micro Targeting A+",0.01219512,7,6,5.555556,1.317073,0,7,,
2026-07-01,2026-07-31,"Ngumpung Bareng Temen",Aceh,not_delivering,,,,50000,Daily,68,7,7,Ongoing,"1-day click",0,ABSOLUTE_OCPM,0,-,-,-,"Micro Targeting A+",0,1,1,14.285714,1,0,1,,
2026-07-01,2026-07-31,"Ngumpung Bareng Temen",Bali,not_delivering,,,,50000,Daily,7,1,1,Ongoing,"1-day click",0,ABSOLUTE_OCPM,0,-,-,-,"Micro Targeting A+",0,,,,1,0,,,
2026-07-01,2026-07-31,"Ngumpung Bareng Temen",Bengkulu,not_delivering,,,,50000,Daily,16,3,3,Ongoing,"1-day click",0,ABSOLUTE_OCPM,0,-,-,-,"Micro Targeting A+",0,,,,1,0,,,
2026-07-01,2026-07-31,"Ngumpung Bareng Temen",Jakarta,not_delivering,,,,50000,Daily,385,15,14,Ongoing,"1-day click",0,ABSOLUTE_OCPM,0,-,-,-,"Micro Targeting A+",0,1,,,1.071429,0,1,,
2026-07-01,2026-07-31,"Ngumpung Bareng Temen",Jambi,not_delivering,,,,50000,Daily,25,4,4,Ongoing,"1-day click",0,ABSOLUTE_OCPM,0,-,-,-,"Micro Targeting A+",0,,,,1,0,,,
2026-07-01,2026-07-31,"Ngumpung Bareng Temen","Central Java",not_delivering,,,,50000,Daily,512,38,31,Ongoing,"1-day click",0,ABSOLUTE_OCPM,0,-,-,-,"Micro Targeting A+",0,8,8,21.052632,1.225806,0,8,,
2026-07-01,2026-07-31,"Ngumpung Bareng Temen","East Java",not_delivering,,,,50000,Daily,464,29,27,Ongoing,"1-day click",0,ABSOLUTE_OCPM,0,-,-,-,"Micro Targeting A+",0,1,1,3.448276,1.074074,0,1,,
2026-07-01,2026-07-31,"Ngumpung Bareng Temen","Papua (province)",not_delivering,,,,50000,Daily,4,1,1,Ongoing,"1-day click",0,ABSOLUTE_OCPM,0,-,-,-,"Micro Targeting A+",0,,,,1,0,,,
2026-07-01,2026-07-31,"Ngumpung Bareng Temen","Special Region of Yogyakarta",not_delivering,,,,50000,Daily,100,8,8,Ongoing,"1-day click",0,ABSOLUTE_OCPM,0,-,-,-,"Micro Targeting A+",0,,,,1,0,,,
2026-07-01,2026-07-31,"Ngumpung Bareng Temen","West Kalimantan",not_delivering,,,,50000,Daily,22,4,4,Ongoing,"1-day click",0,ABSOLUTE_OCPM,0,-,-,-,"Micro Targeting A+",0,,,,1,0,,,
2026-07-01,2026-07-31,"Ngumpung Bareng Temen","South Kalimantan",not_delivering,,,,50000,Daily,196,9,9,Ongoing,"1-day click",0,ABSOLUTE_OCPM,0,-,-,-,"Micro Targeting A+",0,,,,1,0,,,
2026-07-01,2026-07-31,"Ngumpung Bareng Temen","Central Kalimantan",not_delivering,,,,50000,Daily,27,2,2,Ongoing,"1-day click",0,ABSOLUTE_OCPM,0,-,-,-,"Micro Targeting A+",0,,,,1,0,,,
2026-07-01,2026-07-31,"Ngumpung Bareng Temen","East Kalimantan",not_delivering,,,,50000,Daily,41,8,8,Ongoing,"1-day click",0,ABSOLUTE_OCPM,0,-,-,-,"Micro Targeting A+",0,,,,1,0,,,
2026-07-01,2026-07-31,"Ngumpung Bareng Temen",Lampung,not_delivering,,,,50000,Daily,71,9,5,Ongoing,"1-day click",0,ABSOLUTE_OCPM,0,-,-,-,"Micro Targeting A+",0,,,,1.8,0,,,
2026-07-01,2026-07-31,"Ngumpung Bareng Temen","West Nusa Tenggara",not_delivering,,,,50000,Daily,20,2,2,Ongoing,"1-day click",0,ABSOLUTE_OCPM,0,-,-,-,"Micro Targeting A+",0,,,,1,0,,,
2026-07-01,2026-07-31,"Ngumpung Bareng Temen","East Nusa Tenggara",not_delivering,,,,50000,Daily,3,1,1,Ongoing,"1-day click",0,ABSOLUTE_OCPM,0,-,-,-,"Micro Targeting A+",0,,,,1,0,,,
2026-07-01,2026-07-31,"Ngumpung Bareng Temen",Riau,not_delivering,,,,50000,Daily,60,10,10,Ongoing,"1-day click",0,ABSOLUTE_OCPM,0,-,-,-,"Micro Targeting A+",0,,,,1,0,,,
2026-07-01,2026-07-31,"Ngumpung Bareng Temen","South Sulawesi",not_delivering,,,,50000,Daily,105,13,13,Ongoing,"1-day click",0,ABSOLUTE_OCPM,0,-,-,-,"Micro Targeting A+",0,,,,1,0,,,
2026-07-01,2026-07-31,"Ngumpung Bareng Temen","Central Sulawesi",not_delivering,,,,50000,Daily,56,7,7,Ongoing,"1-day click",0,ABSOLUTE_OCPM,0,-,-,-,"Micro Targeting A+",0,,,,1,0,,,
2026-07-01,2026-07-31,"Ngumpung Bareng Temen","West Sumatra",not_delivering,,,,50000,Daily,293,18,18,Ongoing,"1-day click",0,ABSOLUTE_OCPM,0,-,-,-,"Micro Targeting A+",0,3,3,16.666667,1,0,3,,
2026-07-01,2026-07-31,"Ngumpung Bareng Temen","North Sumatra",not_delivering,,,,50000,Daily,176,14,14,Ongoing,"1-day click",0,ABSOLUTE_OCPM,0,-,-,-,"Micro Targeting A+",0,,,,1,0,,,
2026-07-01,2026-07-31,"Ngumpung Bareng Temen",Maluku,not_delivering,,,,50000,Daily,16,2,2,Ongoing,"1-day click",0,ABSOLUTE_OCPM,0,-,-,-,"Micro Targeting A+",0,,,,1,0,,,
2026-07-01,2026-07-31,"Ngumpung Bareng Temen","West Java",not_delivering,,,,50000,Daily,1344,44,43,Ongoing,"1-day click",0,ABSOLUTE_OCPM,0,-,-,-,"Micro Targeting A+",0,3,3,6.818182,1.023256,0,3,,
2026-07-01,2026-07-31,"Ngumpung Bareng Temen","North Sulawesi",not_delivering,,,,50000,Daily,41,1,1,Ongoing,"1-day click",0,ABSOLUTE_OCPM,0,-,-,-,"Micro Targeting A+",0,,,,1,0,,,
2026-07-01,2026-07-31,"Ngumpung Bareng Temen","South Sumatra",not_delivering,,,,50000,Daily,34,6,6,Ongoing,"1-day click",0,ABSOLUTE_OCPM,0,-,-,-,"Micro Targeting A+",0,,,,1,0,,,
2026-07-01,2026-07-31,"Ngumpung Bareng Temen","North Maluku",not_delivering,,,,50000,Daily,4,2,2,Ongoing,"1-day click",0,ABSOLUTE_OCPM,0,-,-,-,"Micro Targeting A+",0,,,,1,0,,,
2026-07-01,2026-07-31,"Ngumpung Bareng Temen","North Kalimantan",not_delivering,,,,50000,Daily,10,3,3,Ongoing,"1-day click",0,ABSOLUTE_OCPM,0,-,-,-,"Micro Targeting A+",0,,,,1,0,,,
2026-07-01,2026-07-31,"Ngumpung Bareng Temen","West Papua",not_delivering,,,,50000,Daily,7,2,2,Ongoing,"1-day click",0,ABSOLUTE_OCPM,0,-,-,-,"Micro Targeting A+",0,,,,1,0,,,
2026-07-01,2026-07-31,"Ngumpung Bareng Temen","West Sulawesi",not_delivering,,,,50000,Daily,2,1,1,Ongoing,"1-day click",0,ABSOLUTE_OCPM,0,-,-,-,"Micro Targeting A+",0,,,,1,0,,,
2026-07-01,2026-07-31,"Ngumpung Bareng Temen",Gorontalo,not_delivering,,,,50000,Daily,4,1,1,Ongoing,"1-day click",0,ABSOLUTE_OCPM,0,-,-,-,"Micro Targeting A+",0,,,,1,0,,,
2026-07-01,2026-07-31,"Ngumpung Bareng Temen",Banten,not_delivering,,,,50000,Daily,415,12,10,Ongoing,"1-day click",0,ABSOLUTE_OCPM,0,-,-,-,"Micro Targeting A+",0,1,,,1.2,0,1,,
2026-07-01,2026-07-31,"Ngumpung Bareng Temen","Bangka–Belitung Islands",not_delivering,,,,50000,Daily,4,2,2,Ongoing,"1-day click",0,ABSOLUTE_OCPM,0,-,-,-,"Micro Targeting A+",0,,,,1,0,,,
2026-07-01,2026-07-31,"Ngumpung Bareng Temen","Riau Islands Province",not_delivering,,,,50000,Daily,5,1,1,Ongoing,"1-day click",0,ABSOLUTE_OCPM,0,-,-,-,"Micro Targeting A+",0,,,,1,0,,,
